id,code,genotype,date,latitude,longitude,sensor,mac_address,ndvi,near_infrared,red,green,blue,infrared,NDVI,RDVI,NDVIg,NDVIb,SR,MSR,IPVI,SIPI,EVI,GARI,SAVI,GSAVI,GOSAVI,NPCI,GCI,GRVI,PSRI,NLI,TDVI,VARI,WDRVI,GRDVI,GBNDVI,RBNDVI,PNDVI,ISR,NDWI,TGI,GLI,CVI,WDRVI.1,BWDRVI ,GRVI.1,redEdge,ndre,sr,dgci,sipi,rgr,ari,ndvi.1,infrared.1,red.1,green.1,blue.1,near_infrared.1,NDVI.1,RDVI.1,NDVIg.1,NDVIb.1,SR.1,MSR.1,IPVI.1,SIPI.1,EVI.1,GARI.1,SAVI.1,GSAVI.1,GOSAVI.1,NPCI.1,GCI.1,GRVI.2,PSRI.1,NLI.1,TDVI.1,VARI.1,WDRVI.2,GRDVI.1,GBNDVI.1,RBNDVI.1,PNDVI.1,ISR.1,NDWI.1,TGI.1,GLI.1,CVI.1,WDRVI.3,BWDRVI .1,GRVI.3,redEdge.1,ndre.1,sr.1,dgci.1,sipi.1,rgr.1,ari.1,yield_g,plant_height_cm,NDVI_calculated,NDRE_calculated,EVI_provided
1,183,P1,18.03.2022. ,44.8684957,20.328049175,,,0.31631251002167077,185.75,96.5,69.75,45.75,198.75,0.346380925406962,10.101931371507632,0.48101088407945153,0.6257256063835528,2.0648942131205157,55.20457525305636,0.673190462703481,1.5007208650101338,0.5872206578220635,0.12093226378316996,0.5186909613687907,0.7201698155154476,0.4807232624015902,0.3569855205235524,1.864640065792879,-0.16181157916206834,0.1351100512972849,0.9951043651113917,0.7699771652271457,-0.2233271946585512,-0.4158805688635927,0.08968119891024227,0.2655922867864846,0.16598732377857156,-0.03151126618372213,0.4860519689699949,-0.48101088407945153,4.207499999999999,-0.010659681022634714,3.9787384457868433,-0.6578746957589772,-0.3933590775034979,2.864640065792879,148.25,0.11232549193658503,1.9307581073403723,44.323750000000004,0.356985520523552,1.3870300031940175,0.004046060126569145,0.31631251002167077,198.75,96.5,69.75,45.75,185.75,0.3163125100216712,9.434897225720603,0.45459392972559326,0.6046917882666232,1.9307581073403777,56.466594017882755,0.6581562550108355,1.5759864588105592,0.5285512319911687,0.08756412860702592,0.4736279433262121,0.6805540218498343,0.45430834849784746,0.3569855205235524,1.6788356768598647,-0.16181157916206834,0.14455096983593763,0.994396360751749,0.7187113848228056,-0.2233271946585512,-0.44331675031480255,0.05613568003811907,0.23393892516517428,0.13300100694074868,-0.06513250975338906,0.5201870432876254,-0.45459392972559326,4.207499999999999,-0.010659681022634714,3.7210669148289948,-0.6765241641141884,-0.4214109446200841,2.6788356768598645,148.25,0.11232549193658503,1.9307581073403723,44.323750000000004,0.356985520523552,1.3870300031940175,0.004046060126569145,4372,75.0,0.31620903454384414,0.1122754491017964,0.5872206578220635
2,184,P2,18.03.2022. ,44.86845877500001,20.328028500000002,,,0.27552464761004747,158.75,90.25,62.5,41.25,170.25,0.3076352408806402,8.934707803095577,0.46352619677111506,0.6101112784777571,1.8947163301814465,53.16393672758545,0.6538176204403201,1.6240881274013803,0.5022682170402822,0.07951959936935239,0.46056654364041594,0.6937956028586344,0.46320707579051645,0.3718784300267808,1.7429036006105023,-0.18227627083672182,0.1630810902740618,0.9937809200713811,0.7033085754527808,-0.250500342706805,-0.4509181342939839,0.05531163040997816,0.24322282474475515,0.12888947823237523,-0.06430220362825306,0.5303974456294047,-0.46352619677111506,2.1400000000000015,-0.026364440277883268,3.9718458597554225,-0.681625664015581,-0.4150793161709419,2.742903600610502,126.75,0.1124944994264193,1.7685535394837675,45.7966,0.37187843002678056,1.44605161946004,0.004982213809061997,0.27552464761004747,170.25,90.25,62.5,41.25,158.75,0.275524647610048,8.257252500917936,0.4354193230217629,0.5875876172546245,1.7685535394837721,54.393935371026906,0.6377623238050241,1.7410641192503937,0.4438377020182155,0.04474469073519635,0.41245705949275574,0.651654250967184,0.4351042291482102,0.3718784300267808,1.5608901201838847,-0.18227627083672182,0.17499271415821205,0.9928337430627102,0.6446326958866175,-0.250500342706805,-0.47812261503702475,0.02041854365454384,0.209959729599614,0.09432088647821431,-0.09896726951759281,0.5694777872898489,-0.4354193230217629,2.1400000000000015,-0.026364440277883268,3.709181646574132,-0.6997105983396251,-0.44351881414906824,2.5608901201838847,126.75,0.1124944994264193,1.7685535394837675,45.7966,0.37187843002678056,1.44605161946004,0.004982213809061997,4559,75.0,0.2751004016064257,0.11208406304728546,0.5022682170402822
3,185,P3,18.03.2022. ,44.868429299999995,20.32798725,,,0.29014161636814,153.25,84.25,59.25,39.75,169.0,0.33448037686815124,9.195902464967592,0.48149106226450045,0.618932247177838,2.0057642240108806,48.597390027568,0.6672401884340756,1.5254803203332614,0.5612659398346669,0.11261331437841425,0.5007252756518001,0.7206420135973695,0.48115036887713497,0.3589584950303821,1.8581174909479923,-0.17520575309011494,0.14875447054850272,0.9940663785071046,0.7507028087475162,-0.24277636937791952,-0.4274480974057665,0.08182296238143207,0.26149853427338543,0.15340593209278763,-0.04033542891879622,0.49878366081273773,-0.48149106226450045,2.1449999999999996,-0.023725548611760575,4.076506490279997,-0.6658871804343833,-0.4031043975338504,2.8581174909479925,120.5,0.11940537699441009,1.8195060364713251,46.178425,0.35895849503038146,1.4256243828176398,0.005120206398701253,0.29014161636814,169.0,84.25,59.25,39.75,153.25,0.29014161636814034,8.291642935867106,0.4428210793165226,0.5876229234215277,1.8195060364713327,50.19343477717374,0.6450708081840701,1.649475988084859,0.4765956411558872,0.06393370838594566,0.4342925147540375,0.6626567385820915,0.4424845571052569,0.3589584950303821,1.5926339285714286,-0.17520575309011494,0.16421358484007978,0.9927732403456775,0.6729236096070589,-0.24277636937791952,-0.4665610999249722,0.03293391430646332,0.21518250062920605,0.10516100867762782,-0.08913679487168524,0.5505697784088744,-0.4428210793165226,2.1449999999999996,-0.023725548611760575,3.697762510569603,-0.6921866700162573,-0.44320844724384345,2.592633928571429,120.5,0.11940537699441009,1.8195060364713251,46.178425,0.35895849503038146,1.4256243828176398,0.005120206398701253,4600,61.0,0.2905263157894737,0.11963470319634703,0.5612659398346669
4,186,P4,18.03.2022. ,44.868399,20.327932075000003,,,0.30880772362326275,161.5,85.25,59.25,39.0,174.25,0.34277028898126577,9.428073080156828,0.4927064662987405,0.6346549720759609,2.045415727266516,48.87658034459945,0.6713851444906328,1.5239433926180914,0.5663187175896678,0.11668097326894768,0.5131662338309048,0.7374776453552883,0.49236846870693773,0.3729037093175024,1.956161132774036,-0.18088284147347977,0.1493551519694698,0.9943810608176636,0.7643231357025304,-0.24785622944830107,-0.41956669226159476,0.09347599178406948,0.2793964711249747,0.1675226097900768,-0.025595635424528113,0.48973155467720686,-0.4927064662987405,2.212500000000002,-0.02463846984576963,4.2839901877925,-0.6604643967298072,-0.3812109614935846,2.956161132774036,126.75,0.12076639789549319,1.8961746487212725,46.249300000000005,0.37290370931750194,1.44395743891711,0.005228402042223948,0.30880772362326275,174.25,85.25,59.25,39.0,161.5,0.30880772362326286,8.724657463128706,0.46326801853117644,0.6112671089571902,1.896174648721277,50.12614047474237,0.6544038618116315,1.6124406426130564,0.5013934081755194,0.07910266284701226,0.4622746392364735,0.6933297727872341,0.46293208674695707,0.3729037093175024,1.742560754657529,-0.18088284147347977,0.16089558424477102,0.9934600042786544,0.7061002815996609,-0.24785622944830107,-0.45031146970516645,0.0557203460786999,0.24394351816801918,0.13036932233761334,-0.06346072328924063,0.5284931604432266,-0.46326801853117644,2.212500000000002,-0.02463846984576963,3.977439645314826,-0.6813032244822962,-0.4130339625604196,2.742560754657529,126.75,0.12076639789549319,1.8961746487212725,46.249300000000005,0.37290370931750194,1.44395743891711,0.005228402042223948,5065,73.5,0.3090172239108409,0.12055507372072853,0.5663187175896678
5,187,P5,18.03.2022. ,44.86835655,20.327876574999998,,,0.3008340206706165,150.75,81.25,56.25,36.75,165.75,0.343557274379082,9.189126521027882,0.4939910326791247,0.6386054693386365,2.050306100404745,46.619530822177715,0.671778637189541,1.5281250000000002,0.5634279807986607,0.1151387170741974,0.5142825549995218,0.7393082310916138,0.493632435448737,0.37809553341513263,1.9557143286452696,-0.18109056888797334,0.15018215562410023,0.9941016237577706,0.7653602497815483,-0.24682278805322516,-0.41869061937888347,0.09461238089282648,0.28275637459006164,0.1702057381155415,-0.023239575754149415,0.4890010702705463,-0.4939910326791247,2.1449999999999996,-0.022941142904541113,4.265784753363958,-0.6598341196367549,-0.37485957161237615,2.9557143286452696,120.5,0.11191387533758726,1.8637228925614548,46.718725000000006,0.37809553341513225,1.4432473855030625,0.005491287841186225,0.3008340206706165,165.75,81.25,56.25,36.75,150.75,0.30083402067061676,8.330773492557153,0.45705510367157476,0.6095576120587809,1.8637228925614582,48.102156113895404,0.6504170103353084,1.6444908582165252,0.48292327842000465,0.06787712076158935,0.4502682300469262,0.6839167037127087,0.45669910786222057,0.37809553341513263,1.687249068397644,-0.18109056888797334,0.16515566023492467,0.9928578101278669,0.6917914257090908,-0.24682278805322516,-0.45721462000531765,0.04717213736201078,0.2383152966815964,0.12356507453336768,-0.07081061308912516,0.5379755247922655,-0.45705510367157476,2.1449999999999996,-0.022941142904541113,3.8790819421449614,-0.6859194605079336,-0.41510872966207757,2.687249068397644,120.5,0.11191387533758726,1.8637228925614548,46.718725000000006,0.37809553341513225,1.4432473855030625,0.005491287841186225,4656,64.0,0.2995689655172414,0.11152073732718894,0.5634279807986607
6,188,X,18.03.2022. ,44.868303775,20.3278087,,,0.23679280612937748,145.0,89.5,62.5,41.5,159.25,0.28071954164344026,8.334679910062732,0.4379034818302925,0.5865105842388636,1.785268817204301,53.718622947967745,0.6403597708217201,1.6973692019180555,0.45341582935501,0.05124569039822973,0.42022713826156216,0.6553584778495569,0.43758367610690974,0.36657590607420976,1.5718334896555475,-0.17958906621581272,0.17072009152469067,0.9929087799818928,0.6551362617192019,-0.24712301587301586,-0.47419935109126765,0.024590097926216196,0.21140668800181514,0.09785802087687606,-0.09577376454878557,0.5624664931528733,-0.4379034818302925,2.2799999999999976,-0.02556995222867407,3.7160507986574616,-0.6971933048458223,-0.4439347736244706,2.5718334896555475,115.75,0.11332558344010651,1.6233050367855073,45.73485,0.36657590607420926,1.4404862640350125,0.005017262890461082,0.23679280612937748,159.25,89.5,62.5,41.5,145.0,0.23679280612937803,7.432154935299112,0.3992545668256201,0.5549215804625667,1.6233050367855122,55.314275819379915,0.618396403064689,1.877769115170495,0.3744096396449799,0.004127367742603509,0.35442629658101005,0.5974203908232991,0.3989422647143037,0.36657590607420976,1.336927520865617,-0.17958906621581272,0.18780537917136014,0.9914396664258964,0.5721331574354501,-0.24712301587301586,-0.5100690739879491,-0.022569993721576635,0.16605417788935414,0.050988535881962185,-0.14232120939825918,0.6177589205975552,-0.3992545668256201,2.2799999999999976,-0.02556995222867407,3.3744851060131125,-0.720772795030043,-0.48118539815084893,2.336927520865617,115.75,0.11332558344010651,1.6233050367855073,45.73485,0.36657590607420926,1.4404862640350125,0.005017262890461082,2605,71.5,0.23667377398720682,0.11217641418983701,0.45341582935501
7,189,XX,18.03.2022. ,44.868261940000004,20.327763179999998,,,0.2249373355685294,140.6,89.2,59.4,40.0,159.2,0.2834621219291775,8.364204516746195,0.45758070921690147,0.5990560046827966,1.7948041515930935,53.47857211960469,0.6417310609645888,1.7052067639623565,0.44751423846751265,0.05580829461932668,0.42432915316504155,0.6847940679299924,0.45724375460961664,0.380345236348562,1.6933836644781173,-0.2001741065261579,0.1864435844200792,0.9929971869187965,0.6604572592142566,-0.2743041355807313,-0.4720330683566337,0.03625894315421656,0.23248997121811604,0.1057303489897218,-0.08277124609129273,0.5589185358150585,-0.45758070921690147,0.21200000000000188,-0.04179310344653882,4.044609098039927,-0.6957842799290023,-0.4288730021464269,2.6933836644781173,113.6,0.1058525390816308,1.584237106431618,46.593360000000004,0.3803452363485616,1.501141129401994,0.005662848842148816,0.2249373355685294,159.2,89.2,59.4,40.0,140.6,0.22493733556852974,7.158769987656979,0.4067104268995686,0.5573502294251438,1.5842371064316236,55.602391119729575,0.6124686677842648,1.9698198166306775,0.3449849853567644,-0.006671454177083663,0.33666436772871355,0.6085328354444863,0.40638286574046995,0.380345236348562,1.3768836610665696,-0.2001741065261579,0.21147462286441293,0.9909894169126824,0.5482537715289406,-0.2743041355807313,-0.5191269847503518,-0.02626658862517827,0.17250061946178624,0.04354198756368108,-0.1444715106301863,0.6336707540233304,-0.4067104268995686,0.21200000000000188,-0.04179310344653882,3.568590543867912,-0.7266122561976737,-0.478416565501509,2.3768836610665693,113.6,0.1058525390816308,1.584237106431618,46.593360000000004,0.3803452363485616,1.501141129401994,0.005662848842148816,2589,64.0,0.22367275892080066,0.10621557828481511,0.44751423846751265
8,190,XXX,18.03.2022. ,44.868218739999996,20.32771156,,,0.18627299423417282,130.4,89.2,58.8,40.8,146.2,0.24199897864317865,7.534052453482237,0.4264552849655437,0.5633232085310461,1.6426485790962246,54.94124096456545,0.6209994893215893,1.8648161636094465,0.37885107100081433,0.017759033988730015,0.3622287835879258,0.6381232099058912,0.426121991589907,0.3724881379074928,1.4888729021387075,-0.2053805372339501,0.20900767065230333,0.9916454048652618,0.5819758995921827,-0.28396492749433927,-0.5058023522913204,-0.006168377026210129,0.1895231649923288,0.05872575355028442,-0.12710475895981338,0.6112054488267804,-0.4264552849655437,-0.8759999999999991,-0.05013810836521745,3.7842869648283086,-0.7179635382383275,-0.47158627326909475,2.488872902138707,107.2,0.09762581424049885,1.4656888612807077,46.79482,0.3724881379074924,1.5200851134579598,0.00581929952188498,0.18627299423417282,146.2,89.2,58.8,40.8,130.4,0.18627299423417343,6.360572549546841,0.3776147213432221,0.5218199373234803,1.465688861280714,56.917959713761206,0.5931364971170867,2.263632685174778,0.2847145913322013,-0.04040759790529651,0.2787777876267922,0.5649253251748204,0.37729483573000094,0.3724881379074928,1.2159074559005496,-0.2053805372339501,0.23631767552198552,0.9893762240066657,0.46630794322206004,-0.28396492749433927,-0.5473626583114215,-0.06424936988950022,0.13275151154430914,0.0005965879746349531,-0.18373709687280768,0.6883193996745592,-0.3776147213432221,-0.8759999999999991,-0.05013810836521745,3.362004030148376,-0.7446010742380362,-0.5150882690993217,2.21590745590055,107.2,0.09762581424049885,1.4656888612807077,46.79482,0.3724881379074924,1.5200851134579598,0.00581929952188498,1322,61.0,0.18761384335154827,0.09764309764309764,0.37885107100081433
9,191,XXXX,18.03.2022. ,44.868179239999996,20.327665939999996,,,0.2339702975557792,142.0,88.0,57.8,38.8,160.8,0.29093297710938304,8.477452475853017,0.46915130648739967,0.610152312599681,1.833779527681863,52.43007748985027,0.6454664885546916,1.7066841620024538,0.452296664283775,0.06193135828467581,0.4355199124205857,0.7021111152884343,0.46880604878051724,0.39054436228882716,1.7850802927833904,-0.20655552712046732,0.1893792331008023,0.9930290096295744,0.6715446825229683,-0.2815057787998314,-0.46447401992034487,0.047542345763981315,0.24820694098305088,0.11761517938847274,-0.06938320732691285,0.55153474245157,-0.46915130648739967,-0.18800000000000097,-0.04479426469932516,4.231673367250463,-0.6905201490831195,-0.4097189502512296,2.78508029278339,116.2,0.10077122220453058,1.620263323520988,46.92912,0.3905443622888266,1.5210826703562739,0.00595331142696734,0.2339702975557792,160.8,88.0,57.8,38.8,142.0,0.23397029755577972,7.294678738936355,0.4200906837450965,0.5704596130050779,1.6202633235209958,54.5072259162802,0.6169851487778899,1.963908178497849,0.3523194900568063,0.0006476530635232042,0.3501899024434342,0.6285546299691103,0.41975273797062523,0.39054436228882716,1.4607691196486385,-0.20655552712046732,0.2139720483040321,0.9911272894559551,0.5640175000765171,-0.2815057787998314,-0.5113454974263216,-0.01373018584948656,0.18999131240531217,0.05689342227121731,-0.1300753657985664,0.623168343856603,-0.4200906837450965,-0.18800000000000097,-0.04479426469932516,3.738876030234318,-0.7214371064491929,-0.4594420315860853,2.4607691196486385,116.2,0.10077122220453058,1.620263323520988,46.92912,0.3905443622888266,1.5210826703562739,0.00595331142696734,4500,73.5,0.23478260869565218,0.09992254066615026,0.452296664283775
10,192,XXXXX,18.03.2022. ,44.86815148,20.3276093,,,0.2613257520795406,138.8,81.2,54.8,36.2,154.4,0.3108824892254697,8.535130103480046,0.47715265621947267,0.6206869376279861,1.9120388923338347,47.73113063143246,0.6554412446127349,1.6316830996174576,0.49490765014778343,0.08128278994917507,0.46533258734309113,0.7140104072466714,0.47678542388769285,0.3844735136343888,1.8378007966532557,-0.1951376960664432,0.17267818307389254,0.9931533635677905,0.708053234509238,-0.26576752815291016,-0.44760191651752457,0.06433211622095854,0.2598343990408058,0.13703360179859764,-0.0531240120503047,0.5271591490083841,-0.47715265621947267,1.0499999999999978,-0.03522479509765649,4.229403308315552,-0.6793046301313724,-0.39918888866642244,2.837800796653256,113.4,0.09990999195577528,1.719940772873042,47.13271999999999,0.3844735136343885,1.488568526191472,0.006072814341715134,0.2613257520795406,154.4,81.2,54.8,36.2,138.8,0.2613257520795411,7.544905469756047,0.43431687684259207,0.5862335008445065,1.7199407728730456,49.41533340671181,0.6306628760397706,1.833753507802421,0.4066306135052721,0.027672099862187594,0.39109844555319434,0.6497854770396244,0.433955737156258,0.3844735136343888,1.551526751936588,-0.1951376960664432,0.19296487867177523,0.9914563720107511,0.6163145753813967,-0.26576752815291016,-0.4891965382730111,0.010642554441283116,0.20888489764598753,0.08388716783998498,-0.10644863719281654,0.5882618135376756,-0.43431687684259207,1.0499999999999978,-0.03522479509765649,3.800968175337302,-0.7069009348593773,-0.4431175592884696,2.5515267519365876,113.4,0.09990999195577528,1.719940772873042,47.13271999999999,0.3844735136343885,1.488568526191472,0.006072814341715134,5387,65.0,0.26181818181818184,0.10071371927042032,0.49490765014778343
11,193,bordeux,18.03.2022. ,44.8681335,20.327563775,,,0.33673439244446324,150.0,75.0,55.75,35.75,167.5,0.3845956106201114,9.616223206890773,0.5021809539962929,0.6491829481306006,2.263937266567,41.778702535527344,0.6922978053100557,1.4275707610920183,0.67385375883699,0.15987656149705737,0.5756896633860131,0.7515756633144117,0.5018186332728641,0.3522224317964329,2.0287373621360185,-0.14544703015837498,0.11393159503433425,0.9947035987605564,0.830292002649328,-0.20024018489284298,-0.3778474837306461,0.1266751759477948,0.2954677946687714,0.20714149094833936,0.006340060456930693,0.44573541729587796,-0.5021809539962929,4.6925,0.004273385725477695,4.056657842546043,-0.6312876591100938,-0.35958183520087206,3.0287373621360185,119.25,0.11473614896472224,2.03000015412357,46.2689,0.3522224317964323,1.3413369416448875,0.004573069901540203,0.33673439244446324,167.5,75.0,55.75,35.75,150.0,0.3367343924444637,8.655429885874177,0.45983203674761924,0.6160683686632396,2.0300001541235764,43.37990883397811,0.668367196222232,1.532038216008049,0.57750617665583,0.1059614696081007,0.5039644072064909,0.6880637351551413,0.45947211547231326,0.3522224317964329,1.7154588713099352,-0.14544703015837498,0.12732371246104854,0.9933982806809757,0.751792587111247,-0.20024018489284298,-0.42375027838090096,0.072296683047146,0.24444958636135106,0.1539694249839716,-0.04851929565853384,0.49797564082076806,-0.45983203674761924,4.6925,0.004273385725477695,3.6366139887292652,-0.6630191818647467,-0.40629780164663887,2.715458871309935,119.25,0.11473614896472224,2.03000015412357,46.2689,0.3522224317964323,1.3413369416448875,0.004573069901540203,4877,74.0,0.3333333333333333,0.11420612813370473,0.67385375883699
12,194,BLT 34-15,18.03.2022. ,44.86814928333334,20.3275738,,,0.39347771811346083,172.33333333333334,75.5,55.666666666666664,36.0,191.0,0.4361858493116102,10.731310847828434,0.5503685608120704,0.6850087690133456,2.581326855103104,40.335306117028374,0.7180929246558052,1.3489570276388392,0.7765928727847639,0.21965412011828075,0.6530362531522877,0.8238653023552439,0.5500080473101238,0.35684847615598997,2.469022917344772,-0.14909832364720596,0.10423536176313591,0.995862745666312,0.9069491988701089,-0.20556106268332172,-0.3217828067899597,0.1892953454210472,0.3548476160142972,0.2674859211345335,0.0713764069161774,0.39474392614205983,-0.5503685608120704,4.261666666666665,0.00208225709026098,4.689366678311682,-0.5908533596927131,-0.29698764729542837,3.4690229173447715,133.66666666666666,0.12671283629243849,2.331912447883452,46.346450000000004,0.3568484761559895,1.3550196373482117,0.0047244192884175655,0.39347771811346083,191.0,75.5,55.666666666666664,36.0,172.33333333333334,0.39347771811346127,9.815244577501264,0.5133482410681457,0.6565014012677913,2.331912447883456,41.84044713328026,0.6967388590567306,1.4220748165678183,0.6861980645470066,0.1701352057545388,0.5890106622432479,0.7683190562091805,0.5129843171877015,0.35684847615598997,2.1316249354187997,-0.14909832364720596,0.11596645549799127,0.9949012174779778,0.8415514858988953,-0.20556106268332172,-0.3667586284471149,0.13925911224655096,0.30901198286356374,0.21912161641377562,0.020166059282831775,0.4382570983583894,-0.5133482410681457,4.261666666666665,0.00208225709026098,4.230317780084047,-0.6230012098416954,-0.34270574184755226,3.1316249354187993,133.66666666666666,0.12671283629243849,2.331912447883452,46.346450000000004,0.3568484761559895,1.3550196373482117,0.0047244192884175655,4111,96.5,0.390719569603228,0.12636165577342054,0.7765928727847639
13,195,agaton,18.03.2022. ,44.86819094,20.32761546,,,0.307339707802973,156.8,83.0,57.4,37.6,173.2,0.3515258419313152,9.488279301092973,0.5017930528786125,0.6428244848751732,2.0861502108768724,47.25321234515043,0.6757629209656575,1.5061631567520624,0.5782634663024773,0.12525498374546076,0.5262609481864885,0.7510578984851153,0.5014444456704725,0.3765761933574653,2.0160560105965994,-0.18240056700016977,0.14823595130940923,0.994444181115467,0.7788553363013304,-0.24935959379338674,-0.4113730240663097,0.10408581415707159,0.29103912951961197,0.1784626640368951,-0.0141885562701348,0.48003828730027964,-0.5017930528786125,2.094000000000001,-0.02474353955354368,4.362280863789969,-0.654854618210628,-0.3689990823156994,3.0160560105965994,123.0,0.12129954245339561,1.8888296872737542,46.55826,0.3765761933574648,1.44654668827465,0.005386135944652698,0.307339707802973,173.2,83.0,57.4,37.6,156.8,0.30733970780297337,8.582880174017852,0.46377550859932776,0.6128292335961285,1.8888296872737578,48.83950018525444,0.6536698539014867,1.61855905049567,0.49409585383205956,0.07617975280967337,0.4600497272455752,0.6940403558593599,0.46342873701713233,0.3765761933574653,1.730918999739871,-0.18240056700016977,0.1636571915958291,0.9932339998890338,0.7037387240635102,-0.24935959379338674,-0.45174821573166424,0.054809711275591824,0.24502560936024853,0.13006696405849594,-0.06370812202014803,0.5300428307847891,-0.46377550859932776,2.094000000000001,-0.02474353955354368,3.9500781845712396,-0.6822989419788434,-0.4110461147627532,2.7309189997398713,123.0,0.12129954245339561,1.8888296872737542,46.55826,0.3765761933574648,1.44654668827465,0.005386135944652698,3340,85.0,0.3077564637197665,0.12080057183702649,0.5782634663024773
14,196,BLT 8-15,18.03.2022. ,44.86823298,20.327680679999997,,,0.33260246872481797,163.6,80.4,58.2,38.8,180.8,0.3769709497167121,9.834846164177275,0.506700655004941,0.6399250272201981,2.291376768022817,45.06601748187034,0.688485474858356,1.5529224448321073,0.6795091332009915,0.1623243550895125,0.5643913094910432,0.7584633092979732,0.5063614627542217,0.34726261577835793,2.1089456835433875,-0.15808042743294543,0.13298592655086433,0.9945294043746454,0.8051206012377949,-0.21955941114193706,-0.3776686243763114,0.12635319786103272,0.2947275569267436,0.19916961436981212,0.004722993785044105,0.46259811835704623,-0.506700655004941,3.1759999999999993,-0.010878471015330593,4.249415278859425,-0.6296453043910907,-0.3655727100450386,3.1089456835433875,132.4,0.10287072111700579,2.075291554254774,46.11408,0.34726261577835754,1.3832043377672563,0.004673326692305582,0.33260246872481797,180.8,80.4,58.2,38.8,163.6,0.33260246872481825,8.859977153141568,0.4675839559537745,0.6085137975495795,2.0752915542547794,46.64358935670452,0.6663012343624091,1.8091325341325342,0.5918559639905052,0.11287921529003071,0.4979033988722034,0.6998023193793171,0.4672477307659529,0.34726261577835793,1.8138574650456234,-0.15808042743294543,0.14832366755438567,0.9932063214234021,0.727516310610312,-0.21955941114193706,-0.41947109335957167,0.07638441037660218,0.2475631424589298,0.15022462482772703,-0.045593838207843906,0.5142929439930858,-0.4675839559537745,3.1759999999999993,-0.010878471015330593,3.8428776229584707,-0.6586431016474223,-0.408116699698712,2.813857465045623,132.4,0.10287072111700579,2.075291554254774,46.11408,0.34726261577835754,1.3832043377672563,0.004673326692305582,4500,141.5,0.34098360655737703,0.10540540540540537,0.6795091332009915
15,197,pop au,18.03.2022. ,44.868253440000004,20.32773056,,,0.1191606431031748,115.8,91.0,57.2,40.6,135.0,0.19348396396997908,6.603355996258959,0.404438447523919,0.5356521435261566,1.4806740187261789,57.752107954613976,0.5967419819849896,2.1614628930200617,0.29248445661429445,-0.027889684155505568,0.2895781817863598,0.6050558947573794,0.404096109923404,0.3818536072300614,1.3618128679731047,-0.22881521905204769,0.25170087103956507,0.9898232723148006,0.4847061647702007,-0.31629144479574006,-0.5431285028404618,-0.04765361312352987,0.1583123514287687,0.010981445908332976,-0.16759926581066545,0.676038706857183,-0.404438447523919,-3.056000000000002,-0.07141685529766795,3.782042019442261,-0.742086428308891,-0.5018359433218753,2.3618128679731045,98.2,0.08208801685248049,1.270786949200608,47.432579999999994,0.381853607230061,1.597292802710286,0.006656814183012086,0.1191606431031748,135.0,91.0,57.2,40.6,115.8,0.11916064310317528,4.958700619659677,0.3387440337440337,0.47899442597351405,1.2707869492006136,60.3674878631045,0.5595803215515875,3.048504598947963,0.17322607403922732,-0.10376745685366792,0.17830576328627362,0.5066268049041727,0.33842568315508226,0.3818536072300614,1.028238179730717,-0.22881521905204769,0.2927759285539605,0.9862449245763184,0.3181561822195081,-0.31629144479574006,-0.5947169066722032,-0.12331781462888125,0.08321196471402134,-0.06516322187209624,-0.24062268121801114,0.7871638609476885,-0.3387440337440337,-3.056000000000002,-0.07141685529766795,3.249900538214554,-0.774506121374884,-0.5564856281959463,2.028238179730717,98.2,0.08208801685248049,1.270786949200608,47.432579999999994,0.381853607230061,1.597292802710286,0.006656814183012086,388,116.0,0.11992263056092842,0.08224299065420558,0.29248445661429445
16,198,BLT 8-15,18.03.2022. ,44.868299359999995,20.327793380000003,,,0.39320769654689736,168.4,73.0,53.4,36.0,180.6,0.42190977572816274,10.33548248560145,0.5420447952855911,0.6657581946229938,2.480369445776828,39.257046685777574,0.7109548878640813,1.3557587985999409,0.7679399231430655,0.2145313430445933,0.6316190582552601,0.8113247146187914,0.5416725197683745,0.33917110398973216,2.378177486204487,-0.15499667683449864,0.11074801447165487,0.9954049334982091,0.8869664359286279,-0.21685164885356717,-0.33852742601358754,0.17448180658200635,0.3357473949437614,0.24497985877353745,0.05114223833699003,0.4080140920862341,-0.5420447952855911,2.9699999999999998,-0.010336038685045908,4.611784681732428,-0.6032422975984979,-0.3329386723976776,3.378177486204487,124.2,0.15109763694020678,2.311589147890436,46.795660000000005,0.3391711039897318,1.368812501506056,0.005049135158253193,0.39320769654689736,180.6,73.0,53.4,36.0,168.4,0.3932076965468978,9.733882439426605,0.5172229723781319,0.6461408602385191,2.3115891478904387,40.21715127191772,0.6966038482734489,1.4001063517270107,0.7059179414258598,0.18134877204038752,0.5885919736812277,0.7740808974278155,0.5168482992372369,0.33917110398973216,2.14931775464469,-0.15499667683449864,0.11846745028866805,0.9947382290409987,0.8435767702168457,-0.21685164885356717,-0.36899026184534917,0.14075884485633816,0.3047313056139564,0.21225629199373022,0.016543418564154533,0.43687944953112245,-0.5172229723781319,2.9699999999999998,-0.010336038685045908,4.3008218834518095,-0.6250264869378627,-0.3635040212688096,3.14931775464469,124.2,0.15109763694020678,2.311589147890436,46.795660000000005,0.3391711039897318,1.368812501506056,0.005049135158253193,4028,104.5,0.3951946975973488,0.15105946684894053,0.7679399231430655
17,199,agaton,18.03.2022. ,44.868352,20.327836080000004,,,0.33784156507369645,168.2,83.8,60.6,38.2,185.6,0.381122126844427,10.07593772472202,0.509929545554227,0.658543412420054,2.2430614853799833,46.796468686527874,0.6905610634222136,1.4471740104105977,0.6467013988886116,0.15257736826034168,0.5705930238074284,0.763309345304482,0.509590931478812,0.3700509827448715,2.0946264817533153,-0.15984410388665707,0.1240479192854648,0.9951286131579964,0.8253057743469249,-0.21799318500085763,-0.3816067045663963,0.12864232152392988,0.3069836854505888,0.20940726144288715,0.01132596454045186,0.4491214379860386,-0.509929545554227,4.616,-0.003976215777348264,4.278700748410294,-0.6339821520871881,-0.34527318028003023,3.0946264817533153,132.0,0.12085423000937698,2.027731241614852,45.690839999999994,0.37005098274487097,1.3822328797652301,0.004654553620576346,0.33784156507369645,185.6,83.8,60.6,38.2,168.2,0.33784156507369695,9.172119649832684,0.47235634795114845,0.6294306573221552,2.0277312416148576,48.363081619240155,0.6689207825368484,1.5385805150349428,0.5605723651282966,0.10362137185477775,0.505726274429546,0.7069503962925398,0.4720178752098489,0.3700509827448715,1.7960481930110919,-0.15984410388665707,0.13717337591397744,0.9940483504681035,0.7551532714149374,-0.21799318500085763,-0.4235780264485503,0.07934273968640779,0.2612483078275933,0.16129843271628716,-0.038583129877944836,0.49580908231284165,-0.47235634795114845,4.616,-0.003976215777348264,3.8637545615817195,-0.6630815270900221,-0.3885538207629712,2.796048193011092,132.0,0.12085423000937698,2.027731241614852,45.690839999999994,0.37005098274487097,1.3822328797652301,0.004654553620576346,3755,88.0,0.3349206349206349,0.12058627581612255,0.6467013988886116
18,200,BLT 8-15,18.03.2022. ,44.86839604000001,20.327885000000002,,,0.40359846761968504,179.0,76.2,59.0,39.4,197.0,0.4432567449197585,10.987972159881375,0.5396776491350752,0.6674332560005979,2.6001063182608135,40.273354294374556,0.7216283724598793,1.3051226381402483,0.8423188995234717,0.23780804756406115,0.6636626225781164,0.8079314303377665,0.5393390542255567,0.31868973090390285,2.3484699730094465,-0.12641716626909644,0.08711307904048513,0.9960835745751009,0.9198144131906563,-0.17857003543329683,-0.31641865645386213,0.1872384128264634,0.3348460169786357,0.2619284280323355,0.06175543044871048,0.3861860478385553,-0.5396776491350752,5.247999999999998,0.011143161080122596,4.320726997580674,-0.587573786300562,-0.33097452893554274,3.348469973009446,142.0,0.1157781427035894,2.363205110481708,45.50699999999999,0.3186897309039024,1.29083248987854,0.003808006391339142,0.40359846761968504,197.0,76.2,59.0,39.4,179.0,0.40359846761968515,10.13045115891868,0.5045957501563163,0.6397209481946461,2.363205110481713,41.68116503874361,0.7017992338098427,1.3608248776067897,0.7544769175820688,0.19180584550454027,0.6042061748339391,0.7552990110285279,0.5042550757249686,0.31868973090390285,2.041483636977058,-0.12641716626909644,0.09623677301790222,0.9952385635897446,0.8604909721527028,-0.17857003543329683,-0.35892867155000624,0.14032903377781952,0.2913476755975357,0.21646116500662754,0.013665882877409821,0.425653766725548,-0.5045957501563163,5.247999999999998,0.011143161080122596,3.9220207713156454,-0.6180520251622064,-0.37302318473741514,3.041483636977058,142.0,0.1157781427035894,2.363205110481708,45.50699999999999,0.3186897309039024,1.29083248987854,0.003808006391339142,4780,144.5,0.40282131661442006,0.11526479750778816,0.8423188995234717
19,201,pop au,18.03.2022. ,44.86844604,20.32795602,,,0.2019046663439536,154.4,102.0,66.2,45.2,173.2,0.25836832332631865,8.423263152322082,0.44604760447615127,0.5855639711678269,1.6972849541594688,62.10202380986946,0.6291841616631593,1.8006054615984195,0.3985592946470441,0.030663662046141137,0.38684357569223143,0.6676666470062851,0.4457474895417503,0.3855379906852961,1.612265945033662,-0.21212185438547534,0.20628084210108147,0.99313397754116,0.6147399368898311,-0.28999547511312224,-0.49319013132407896,0.01394143020573745,0.21624963338287073,0.08063296405234346,-0.10468507994863943,0.5894662357959192,-0.44604760447615127,-1.1520000000000004,-0.05241376106214958,4.02671722718378,-0.7098164337800157,-0.4462323823573441,2.612265945033662,127.2,0.09530659028844603,1.5087845234818198,45.87368,0.3855379906852958,1.539899802192516,0.005310691461067214,0.2019046663439536,173.2,102.0,66.2,45.2,154.4,0.20190466634395415,7.189093049810017,0.3968761298329938,0.5447182598328186,1.5087845234818273,64.35822673968678,0.600952333171977,2.127666334500028,0.3029049851613183,-0.028805696212778054,0.30226735275526667,0.593959426658998,0.3965866576424603,0.3855379906852961,1.3227180966113916,-0.21212185438547534,0.2325524940794402,0.9911858925083192,0.5015718379539922,-0.28999547511312224,-0.5366370408737146,-0.045499115620352255,0.15872945362253937,0.021283363841069002,-0.16298171066013561,0.6648928832312067,-0.3968761298329938,-1.1520000000000004,-0.05241376106214958,3.581295500254953,-0.7378936551578587,-0.49222446068280734,2.322718096611392,127.2,0.09530659028844603,1.5087845234818198,45.87368,0.3855379906852958,1.539899802192516,0.005310691461067214,1240,116.0,0.20436817472698912,0.09659090909090909,0.3985592946470441
20,202,iso cell,18.03.2022. ,44.86849402,20.32801056,,,0.2563093334568058,158.6,93.6,64.0,43.2,176.4,0.30568021787166266,9.063523608609163,0.4669854309988709,0.605727920809987,1.8936114081996434,55.20148173900441,0.6528401089358312,1.6336251173569323,0.5019769469271652,0.08173365981379001,0.4576727862432085,0.6990188139043662,0.46667366276699473,0.3680190517428015,1.7629395069876446,-0.18789392438208666,0.16980424471822608,0.9938972663895642,0.6984986339103816,-0.25889021573676385,-0.45180139057247093,0.055849830720807195,0.2433713280211153,0.12570995083218464,-0.06500168065696019,0.5336308787652102,-0.4669854309988709,1.1439999999999997,-0.033573857932373295,4.038030829194625,-0.6820387162136157,-0.4201665361879181,2.7629395069876446,130.6,0.09693859122954578,1.7034440802714,45.7081,0.36801905174280075,1.464196500594342,0.0049753516732593105,0.2563093334568058,176.4,93.6,64.0,43.2,158.6,0.25630933345680607,8.007545470482345,0.42390311482677767,0.5706768511185755,1.7034440802714048,57.13201578827365,0.628154666728403,1.8265145028381606,0.41255577766958035,0.02843990438705195,0.38370458963732484,0.6344251322962092,0.4235976767029742,0.3680190517428015,1.485213920055171,-0.18789392438208666,0.18920598103269468,0.9924216790077974,0.6069214658440252,-0.25889021573676385,-0.49308927601451497,0.002421942280396619,0.19232966715272068,0.0727336444265484,-0.11797679423102533,0.5946330660430139,-0.42390311482677767,1.1439999999999997,-0.033573857932373295,3.631886458228889,-0.7093995857155534,-0.4631729096466307,2.485213920055171,130.6,0.09693859122954578,1.7034440802714,45.7081,0.36801905174280075,1.464196500594342,0.0049753516732593105,2035,66.0,0.2577319587628866,0.09681881051175657,0.5019769469271652
21,203,RGA 1,18.03.2022. ,44.868501800000004,20.3280271,,,0.2717794099581372,127.4,72.8,50.4,35.0,142.8,0.3233230956286353,8.340604657614948,0.47786913436689743,0.6065433067135686,1.9618490637808523,42.33650752313616,0.6616615478143176,1.5554046121593292,0.5507669400715942,0.10786895127116056,0.48385874565206083,0.7149364217415448,0.47747006655314916,0.3518313570487484,1.8336451149928237,-0.18252998891470765,0.15873513964156966,0.9927406971064959,0.7304119388537889,-0.2544569135144081,-0.4369479536695183,0.07275585181647488,0.2514542262348717,0.1388077773038575,-0.05178238486339463,0.5121754540604172,-0.47786913436689743,0.6579999999999991,-0.034003361779898496,4.098223775834483,-0.6721984490042694,-0.419924473777913,2.833645114992824,104.0,0.10085580432994731,1.7502695851919838,47.64716,0.351831357048748,1.447697459772924,0.006209453844387439,0.2717794099581372,142.8,72.8,50.4,35.0,127.4,0.27177940995813765,7.367306015057787,0.4329850573146965,0.5693885456163866,1.7502695851919885,43.92368289981418,0.6358897049790688,1.7096443052745574,0.4517899129471095,0.0516385625199959,0.40664984636641927,0.6476400153032414,0.43259227919459614,0.3518313570487484,1.529157419400007,-0.18252998891470765,0.17749409790851192,0.9909303309303714,0.6385998358983559,-0.2544569135144081,-0.48177093539194465,0.016207854314146973,0.19762141219641055,0.08284934550006581,-0.10811220421140766,0.5732996944308238,-0.4329850573146965,0.6579999999999991,-0.034003361779898496,3.6595433419452745,-0.7022212959871169,-0.4654346560127576,2.529157419400007,104.0,0.10085580432994731,1.7502695851919838,47.64716,0.351831357048748,1.447697459772924,0.006209453844387439,2815,63.5,0.27272727272727276,0.101123595505618,0.5507669400715942
22,204,S1,18.03.2022. ,44.868479279999995,20.327980959999998,,,0.2731914323484026,152.6,87.2,61.8,40.6,163.8,0.3059301567645598,8.74712339725371,0.4524752537910432,0.6029900150422949,1.8856305963893523,51.425011409037054,0.6529650783822799,1.6135469532810691,0.5022686539438844,0.07574713229144864,0.45797915344919427,0.6772088807499154,0.4521539156529085,0.3643838475651837,1.6552133367241928,-0.16994519435569896,0.1550238088989393,0.9935210116535271,0.7006865993725901,-0.23378903908542523,-0.4526542449725162,0.048107986587199815,0.23111774757258335,0.12432034680283895,-0.07218003874742508,0.53211543621692,-0.4524752537910432,3.025999999999999,-0.016311613817047828,3.7421359010874347,-0.6828412914059286,-0.42407482398509944,2.6552133367241924,121.8,0.11279384468771884,1.756651089984318,45.70902,0.36438384756518316,1.410212608673572,0.004705341139615974,0.2731914323484026,163.8,87.2,61.8,40.6,152.6,0.273191432348403,8.074509343269524,0.42360593166794,0.5796852644652989,1.756651089984322,52.619574581922336,0.6365957161742015,1.7250912846769861,0.44166158423534296,0.040194670715015826,0.40893115106036815,0.6339271674433773,0.42328932621288545,0.3643838475651837,1.4727875637771222,-0.16994519435569896,0.1667235751076645,0.9925141630145514,0.6410914655452107,-0.23378903908542523,-0.48045421562650115,0.012468248524975776,0.1970429559240416,0.08904093094586084,-0.10753791483172077,0.57180465246935,-0.42360593166794,3.025999999999999,-0.016311613817047828,3.483873757802357,-0.701327655482616,-0.45277846846784636,2.472787563777122,121.8,0.11279384468771884,1.756651089984318,45.70902,0.36438384756518316,1.410212608673572,0.004705341139615974,980,128.0,0.27272727272727265,0.11224489795918367,0.5022686539438844
23,205,S6,18.03.2022. ,44.868452180000006,20.327911200000003,,,0.22866612313739218,151.6,95.2,64.0,42.4,166.0,0.2709680377212509,8.396140880384028,0.4431366035232764,0.5924808114610882,1.7464101847972817,57.49770259976138,0.6354840188606254,1.7551553996144562,0.4222815695048644,0.03868827842449104,0.4056698154686663,0.6632535548927937,0.4428265185956862,0.3832001442860379,1.6003078397280421,-0.19596388015199748,0.18781288790138956,0.9930442249372792,0.637564672785137,-0.2673434188698983,-0.48253591329425455,0.020963411332617244,0.2184101560938016,0.09337319857706286,-0.09683699892279754,0.5742161591184636,-0.4431366035232764,1.0079999999999998,-0.03634912576840086,3.873644458223859,-0.7027479898224389,-0.4373759427421199,2.6003078397280417,122.4,0.10713120715147487,1.59667876925941,45.8325,0.38320014428603744,1.487893538811446,0.005166910333352762,0.22866612313739218,166.0,95.2,64.0,42.4,151.6,0.2286661231373929,7.487416237703393,0.40613633116658043,0.5623616105481094,1.5966787692594144,59.158671393472694,0.6143330615686965,1.9602266908228736,0.34910247900725266,-0.006337854980385085,0.3423006971739805,0.6077866959544715,0.40583338475399494,0.3832001442860379,1.3772128347116293,-0.19596388015199748,0.20567954693373885,0.9916721741839141,0.5556706660654942,-0.2673434188698983,-0.5162464236310609,-0.02407322101224163,0.17507251025926326,0.0485352669111393,-0.1412084473601409,0.6287828056120293,-0.40613633116658043,1.0079999999999998,-0.03634912576840086,3.5410700771052577,-0.7247530767179284,-0.4730082538674777,2.3772128347116293,122.4,0.10713120715147487,1.59667876925941,45.8325,0.38320014428603744,1.487893538811446,0.005166910333352762,1167,124.0,0.22852512155591567,0.10656934306569339,0.4222815695048644
24,206,BS11,18.03.2022. ,44.868423160000006,20.32787106,,,0.359320688204129,168.8,79.4,60.6,37.8,182.4,0.3922682520616808,10.11565483875834,0.5000711700690471,0.6556810075010194,2.312660884185385,43.83793746619506,0.6961341260308404,1.4177379189940285,0.6864314740974772,0.16230477565736182,0.5872787399986727,0.7485618317347298,0.49974112169810436,0.3546552138742042,2.0244131855115213,-0.13408258198909095,0.10413252149283589,0.9951432996303705,0.8415847220170786,-0.1836008039579468,-0.3693535554217811,0.13096184168275987,0.29823151590510616,0.21683256117184474,0.012518885665792099,0.4382666067999841,-0.5000711700690471,6.575999999999999,0.016832221393497278,3.956911063445723,-0.6251269392910964,-0.34859654528344747,3.0244131855115213,136.8,0.10380492787675459,2.139190452620576,45.27724,0.3546552138742034,1.31002122124427,0.00392299782299479,0.359320688204129,182.4,79.4,60.6,37.8,168.8,0.3593206882041294,9.423204119306883,0.47070593806521377,0.6331892136904103,2.1391904526205794,45.00566274345849,0.6796603441020647,1.4814369110329877,0.6186399122561858,0.1246781519868605,0.5378951341583983,0.704518719391668,0.47037687402540795,0.3546552138742042,1.7982003338758716,-0.13408258198909095,0.11231743128324281,0.9943435274467152,0.7892041718188023,-0.1836008039579468,-0.40224073532802673,0.09298460221946561,0.2627971919630637,0.17990340009364023,-0.02597875356141437,0.4731246730215883,-0.47070593806521377,6.575999999999999,0.016832221393497278,3.6618227482337935,-0.6481765218203231,-0.38202842264645576,2.7982003338758714,136.8,0.10380492787675459,2.139190452620576,45.27724,0.3546552138742034,1.31002122124427,0.00392299782299479,3900,82.5,0.36019339242546333,0.10471204188481674,0.6864314740974772
25,207,BS16,18.03.2022. ,44.868378,20.32783138,,,0.42389762945221,191.2,77.0,58.8,38.2,201.2,0.44459461108690823,11.11479780503889,0.5464898802750604,0.6799292315244688,2.6149506212169475,40.56812629896056,0.7222973055434541,1.3190643591814932,0.8201553751198787,0.23260868718673516,0.6656917873761468,0.8181511160516829,0.5461515749344906,0.33718350091495936,2.417157599322531,-0.1340980896957959,0.09180938043210547,0.9961123854172229,0.9212509214385418,-0.18665743982910912,-0.31436682236662056,0.19236463369693968,0.3480428346537946,0.2701408123871751,0.07096439078476682,0.3852360709192976,-0.5464898802750604,5.467999999999998,0.010279470441611049,4.472706158081774,-0.5859332062661713,-0.3105372450288185,3.417157599322531,147.8,0.12754130448972661,2.485680152914936,45.60702,0.33718350091495897,1.3109259947743959,0.004048133036220464,0.42389762945221,201.2,77.0,58.8,38.2,191.2,0.42389762945221027,10.655314409626191,0.5283479511872862,0.6659295988564282,2.4856801529149406,41.32114715950654,0.7119488147261052,1.3477920791799365,0.7746440683907199,0.20838490736954557,0.6346601556721879,0.7909301027718723,0.5280078935847122,0.33718350091495936,2.2477758930507794,-0.1340980896957959,0.09667924802890931,0.9956949467355077,0.8908008142791566,-0.18665743982910912,-0.337069367409918,0.16771649901882463,0.32542965523253636,0.24635367845470074,0.045588709985556246,0.40549450751899946,-0.5283479511872862,5.467999999999998,0.010279470441611049,4.250421543282721,-0.6023479505203578,-0.33330498782604956,3.247775893050779,147.8,0.12754130448972661,2.485680152914936,45.60702,0.33718350091495897,1.3109259947743959,0.004048133036220464,4437,105.5,0.4258016405667412,0.12802359882005893,0.8201553751198787
26,208,S5,18.03.2022. ,44.86833222,20.327787999999998,,,0.26183344790408564,156.8,91.8,62.6,43.4,170.4,0.30082414332163276,8.828966600534274,0.4633040488922841,0.5938255763165733,1.880584396240567,54.45699490780036,0.6504120716608164,1.652035742342651,0.5047014066841151,0.08359923197171196,0.45037270783635697,0.6934627052629648,0.46298499655819186,0.3566675347695193,1.7507513491075137,-0.1888677307527356,0.17265919734274165,0.9936381894938947,0.688038541057006,-0.26292484977694447,-0.45514758487983886,0.05128864289928925,0.23398793212654598,0.11663907680353,-0.07227562520465357,0.5405899480266568,-0.4633040488922841,0.3240000000000002,-0.038731651271191,4.0296587184042965,-0.6841119485099995,-0.43454703892597835,2.7507513491075137,123.6,0.11802399513234815,1.734718353474706,45.967639999999996,0.35666753476951885,1.467123584178374,0.005127327401145475,0.26183344790408564,170.4,91.8,62.6,43.4,156.8,0.261833447904086,7.983125807546041,0.42916765860678313,0.5654243675893057,1.7347183534747121,55.97509603757857,0.630916723952043,1.845379375331958,0.4339576979870549,0.04184152127920578,0.3919595918513954,0.6422852337287352,0.42885437146295713,0.3566675347695193,1.5365064539722075,-0.1888677307527356,0.188688973514794,0.9924038911339238,0.6136004439732201,-0.26292484977694447,-0.48709712466574057,0.009417250382702757,0.19368603818015584,0.07500429210338957,-0.11364275160339563,0.5901876912217434,-0.42916765860678313,0.3240000000000002,-0.038731651271191,3.714395660711581,-0.7051947476084456,-0.46748058006676685,2.5365064539722075,123.6,0.11802399513234815,1.734718353474706,45.967639999999996,0.35666753476951885,1.467123584178374,0.005127327401145475,880,119.0,0.2614641995172969,0.11840228245363774,0.5047014066841151
27,209,S9,18.03.2022. ,44.86829624000001,20.32774212,,,0.24840681414164698,147.0,88.8,58.8,40.8,159.8,0.28721112265087867,8.410102817105924,0.46213435768092975,0.5936832378555942,1.8174292965978995,53.151936634400236,0.6436055613254394,1.694872778850085,0.46514697849681524,0.0662994609330727,0.42994511632452453,0.691617622212612,0.4617959295877556,0.3696577990654536,1.7220792978208235,-0.20101686907657057,0.18758408718150416,0.9930642394760287,0.665415793842451,-0.2777232341094691,-0.46787400746103935,0.04099653851863517,0.2326516857273778,0.10624504739130618,-0.08060941147218358,0.5556226079291425,-0.46213435768092975,-0.7200000000000003,-0.04669624442296051,4.093739808353767,-0.6928189084028041,-0.4349873180892935,2.7220792978208235,114.2,0.1259239192893961,1.672800336464034,46.75822,0.369657799065453,1.506847760290552,0.005662525324942444,0.24840681414164698,159.8,88.8,58.8,40.8,147.0,0.24840681414164748,7.599082026857802,0.42859672759111833,0.565986409283967,1.6728003364640394,54.5835788918229,0.6242034070708238,1.8703609025505679,0.39596038392906596,0.024651824436773242,0.3718149706026995,0.6413350260978775,0.4282633629355995,0.3696577990654536,1.5041162227602904,-0.20101686907657057,0.20440105583106702,0.9917891643985893,0.5918553958263635,-0.2777232341094691,-0.4996806053028037,-0.0007306051678643025,0.19276213038878542,0.06482388342234123,-0.12189931396942492,0.604628166160081,-0.42859672759111833,-0.7200000000000003,-0.04669624442296051,3.763661734309136,-0.7137804907856198,-0.46823849799795936,2.5041162227602904,114.2,0.1259239192893961,1.672800336464034,46.75822,0.369657799065453,1.506847760290552,0.005662525324942444,508,110.5,0.24681933842239187,0.12557427258805512,0.46514697849681524
28,210,BS15,18.03.2022. ,44.86824951999999,20.327683739999998,,,0.203386654567757,143.4,95.2,62.8,44.0,157.2,0.2471746781927134,7.8732882502434425,0.4299181596457144,0.5637765754427089,1.6590253779414386,58.487016860257356,0.6235873390963567,1.8283134920634923,0.3912778820426862,0.025366942390155474,0.37002120703350655,0.6434070625673411,0.4296040332793961,0.3681424956883402,1.5111223705931387,-0.20446317110146897,0.20529027077014694,0.9923422534829964,0.5926248043384152,-0.283237191240055,-0.5019330073359185,-0.0010424626269637956,0.19231452142480546,0.06254439094106354,-0.12305717542099723,0.6041541531479612,-0.4299181596457144,-1.1680000000000015,-0.05067755108945306,3.8036916189885774,-0.7154879994337825,-0.47141250913125843,2.511122370593139,115.2,0.10897201378259139,1.5136635228373438,46.23542,0.3681424956883398,1.5147166813377158,0.005434329976668144,0.203386654567757,157.2,95.2,62.8,44.0,143.4,0.20338665456775734,6.934654784140333,0.3914807248324588,0.5313725643107869,1.5136635228373498,60.16078536328932,0.6016933272838787,2.0755876875062924,0.3152554592630695,-0.020714472207020124,0.3044347584663473,0.5857933546969031,0.3911756357223651,0.3681424956883402,1.2917464351675654,-0.20446317110146897,0.22510767475748789,0.9907829470297742,0.5045805734488897,-0.283237191240055,-0.5355133200763016,-0.0470865149380977,0.14750914953346103,0.016534941800383264,-0.16810740826592493,0.6628335798105232,-0.3914807248324588,-1.1680000000000015,-0.05067755108945306,3.472314304473494,-0.7371678759290309,-0.5063058268294329,2.2917464351675654,115.2,0.10897201378259139,1.5136635228373438,46.23542,0.3681424956883398,1.5147166813377158,0.005434329976668144,2304,94.0,0.20201173512154233,0.10904872389791183,0.3912778820426862
29,211,BS19,18.03.2022. ,44.868220900000004,20.327636660000003,,,0.1832715260240228,152.0,105.0,71.0,46.6,168.2,0.23173006782180577,7.929365773922356,0.405626533266416,0.5657230914841174,1.6067253885695265,65.12829778176014,0.6158650339109029,1.9411450515690145,0.3544743747720186,-0.00535459833774166,0.34695379174032326,0.6071637080697904,0.4053539087722674,0.38432775792083695,1.3735349475758682,-0.19220724187673333,0.20105679867244192,0.9925246424986687,0.562082780475499,-0.261594408538499,-0.5139229445970104,-0.02246205723496386,0.17650211119882836,0.05213915034594209,-0.13905746555470314,0.6245775473274054,-0.405626533266416,1.6239999999999988,-0.032082046025992336,3.509387464137769,-0.7232546090379806,-0.4696199052323758,2.3735349475758682,125.2,0.09670071991192247,1.452930572080142,44.751,0.3843277579208366,1.476706413790808,0.004560008362530704,0.1832715260240228,168.2,105.0,71.0,46.6,152.0,0.18327152602402325,6.82223450109989,0.36242930050126454,0.530278114694294,1.4529305720801458,67.15923112633075,0.5916357630120116,2.2962787583379347,0.2744487275115351,-0.05583976997174549,0.27436829614984576,0.5424220919494324,0.3621682355836674,0.38432775792083695,1.1462350948284452,-0.19220724187673333,0.22265788346845383,0.9908429923854916,0.4615709392728758,-0.261594408538499,-0.5500617652350531,-0.07289846448537149,0.1270605588908873,0.0015864822025430387,-0.1882349492657746,0.6915853538928755,-0.36242930050126454,1.6239999999999988,-0.032082046025992336,3.173145327073647,-0.7464133077055843,-0.5080800316066062,2.1462350948284454,125.2,0.09670071991192247,1.452930572080142,44.751,0.3843277579208366,1.476706413790808,0.004560008362530704,1090,118.0,0.1828793774319066,0.09668109668109667,0.3544743747720186
30,212,RGA1,18.03.2022. ,44.86817862,20.32757892,,,0.3358957299450448,191.4,95.2,72.2,44.6,204.0,0.36358964289484597,10.412085766731536,0.47863530072538596,0.642130050559945,2.14866487863481,53.73747290697107,0.681794821447423,1.4725388438539508,0.6175549256196398,0.12659243464429312,0.5444676097010449,0.7166394097502286,0.47835472655742717,0.3632083680989504,1.842145514616103,-0.13914274543420274,0.11449809030619655,0.9953850436624668,0.7980417719118764,-0.1891824370101809,-0.39937506972220005,0.09940273377180739,0.27362568126352116,0.1872849050792146,-0.018088468981804016,0.4673572992772802,-0.47863530072538596,7.866,0.014674306257723849,3.771567172351144,-0.6464791954986224,-0.37033300917451906,2.8421455146161025,153.0,0.11318070880716039,2.016486091559638,43.44038,0.36320836809894985,1.3257580981110362,0.003476384426649665,0.3358957299450448,204.0,95.2,72.2,44.6,191.4,0.33589572994504524,9.793271386809504,0.45392815618252297,0.6232048138678212,2.016486091559643,54.89935421189282,0.6679478649725226,1.5334079892613073,0.562694345684218,0.09539439768940894,0.5029591756158747,0.6795867538791677,0.4536492871739296,0.3632083680989504,1.6675245277598219,-0.13914274543420274,0.12186930971522483,0.9947722023112577,0.7524301866525562,-0.1891824370101809,-0.4256452012991721,0.06802647231493894,0.24416096721579006,0.15663328169737117,-0.049662068641253235,0.49772242665968064,-0.45392815618252297,7.866,0.014674306257723849,3.5401040856661856,-0.6645516255377584,-0.39730826736425434,2.667524527759822,153.0,0.11318070880716039,2.016486091559638,43.44038,0.36320836809894985,1.3257580981110362,0.003476384426649665,3965,77.5,0.33565945568736916,0.11149825783972128,0.6175549256196398
31,213,RGA2,18.03.2022. ,44.86817657500001,20.32756675,,,0.21759162672585725,154.75,99.0,67.0,44.5,169.0,0.2596260578699565,8.339913409362689,0.4313865086354404,0.5814611825618083,1.704120082815735,60.19335336832566,0.6298130289349783,1.7918143283996941,0.40434012747463377,0.02744282286845314,0.38871447852988605,0.645705044388463,0.4310928080447338,0.3795115459589144,1.5227545951316444,-0.19352508071501692,0.19076909504149567,0.9929719610917696,0.6164105205000002,-0.26469947222751367,-0.49186958061579805,0.007707525766678009,0.20364383561643837,0.07991905237815775,-0.1106478834580473,0.5883395068887995,-0.4313865086354404,1.2449999999999992,-0.03517110875335131,3.73848185095439,-0.7088937269733602,-0.45047549023594224,2.5227545951316444,125.5,0.10304466885697558,1.5608187464709176,45.340650000000004,0.379511545958914,1.480837059115745,0.004883855354275877,0.21759162672585725,169.0,99.0,67.0,44.5,154.75,0.2175916267258578,7.423103735898652,0.39425640043457827,0.5510559885974302,1.5608187464709204,61.8787700170164,0.608795813362929,2.013076901053596,0.33209791248892856,-0.01701082902670622,0.32574810734276594,0.5900492249818123,0.39397107883234717,0.3795115459589144,1.31175608544461,-0.19352508071501692,0.20854055190483106,0.9915805670196518,0.53326720927444,-0.26469947222751367,-0.524626224793325,-0.03671915360672826,0.16055613782315029,0.0355974843787825,-0.15422785273566725,0.643748274512848,-0.39425640043457827,1.2449999999999992,-0.03517110875335131,3.4274551654928507,-0.730137911515475,-0.4849613760626729,2.31175608544461,125.5,0.10304466885697558,1.5608187464709176,45.340650000000004,0.379511545958914,1.480837059115745,0.004883855354275877,3220,71.5,0.21970443349753693,0.10437109723461195,0.40434012747463377
32,214,BS16,18.03.2022. ,44.86817222,20.3275666,,,0.369203033250263,196.2,90.6,67.4,44.4,208.0,0.39410103513943007,10.821977681373966,0.5108188881010329,0.648185473632531,2.313831483884592,49.97546804859197,0.697050517569715,1.3997584240193912,0.7103795917838862,0.17738881088543407,0.5901557938741838,0.7648321141774742,0.5105206569706212,0.3403428301002462,2.094077155207569,-0.14557157612912236,0.11169663646177438,0.9957984295485293,0.8456075111223317,-0.20233031674208143,-0.36837555663926075,0.13764805420359297,0.3010826459621809,0.21362218583996243,0.014522795669807432,0.43566921618303056,-0.5108188881010329,4.981999999999999,-0.0003561114604350886,4.147732588110375,-0.6246529102505821,-0.36180460882838694,3.094077155207569,158.4,0.10683336340532472,2.1832420913075863,44.44966,0.3403428301002458,1.342673160136882,0.0037737845099595803,0.369203033250263,208.0,90.6,67.4,44.4,196.2,0.36920303325026355,10.2620086735995,0.48892650560603235,0.6309516237853423,2.1832420913075907,50.993967274457006,0.6846015166251317,1.445810997431687,0.6585804107611799,0.14905907877014607,0.5528332161993827,0.7319938454570984,0.4886283231395165,0.3403428301002462,1.9193660442454246,-0.14557157612912236,0.11842772221599077,0.9952789881637075,0.8061759802019861,-0.20233031674208143,-0.3932264158110237,0.10895969064942745,0.2743344303280412,0.185646466177043,-0.014605326919401617,0.4619152670612047,-0.48892650560603235,4.981999999999999,-0.0003561114604350886,3.913417896849495,-0.642050405991318,-0.38686169511680274,2.9193660442454243,158.4,0.10683336340532472,2.1832420913075863,44.44966,0.3403428301002458,1.342673160136882,0.0037737845099595803,4120,96.0,0.3682008368200837,0.10659898477157355,0.7103795917838862
33,215,BS12,18.03.2022. ,44.86820508333333,20.327586716666666,,,0.34627728742273783,171.5,83.33333333333333,60.666666666666664,40.5,182.83333333333334,0.37445034890584344,9.969840351362812,0.5017485725893535,0.6377007662448907,2.1994198182332583,46.64066094861906,0.6872251744529217,1.4300885797889424,0.6562952647804451,0.15650649697102967,0.5606148239686669,0.7510733345349702,0.5014175418571533,0.34630414040743723,2.016293374023637,-0.1567028058277531,0.12347640232748643,0.9950141982883669,0.8159651752160563,-0.21799265568089288,-0.38919130000519025,0.119300291643451,0.2879447939229559,0.19321282217107869,-0.003876307518947343,0.4553400149277255,-0.5017485725893535,3.4616666666666664,-0.00940879961138696,4.140144462691478,-0.639500405532742,-0.37621673213142554,3.0162933740236375,133.16666666666666,0.12639910608447033,2.0619380236231417,45.69145,0.34630414040743696,1.3723220949372215,0.0044735550986899,0.34627728742273783,182.83333333333334,83.33333333333333,60.666666666666664,40.5,171.5,0.3462772874227383,9.380534139509669,0.4770623740585615,0.6180835018940344,2.0619380236231457,47.66928327239945,0.6731386437113692,1.4868393768593655,0.5989192838890206,0.12477335811540258,0.5183913200839657,0.7140482689410949,0.4767322242865453,0.34630414040743723,1.828569794605979,-0.1567028058277531,0.1316634937327211,0.9943167469365952,0.7700785213263374,-0.21799265568089288,-0.4162592219680654,0.08728342279928403,0.25797060380358455,0.16187889060401436,-0.03620271877651176,0.4858801014731416,-0.4770623740585615,3.4616666666666664,-0.00940879961138696,3.8836132189087196,-0.6581951628770356,-0.4035942603501083,2.8285697946059787,133.16666666666666,0.12639910608447033,2.0619380236231417,45.69145,0.34630414040743696,1.3723220949372215,0.0044735550986899,3983,76.0,0.34597776324395035,0.12582056892778998,0.6562952647804451
34,216,S6,18.03.2022. ,44.868249757142856,20.32764482857143,,,0.1834053817916273,146.57142857142858,100.42857142857143,67.0,46.857142857142854,162.85714285714286,0.23468057140707566,7.8358748478836,0.4157307115203959,0.5521387631287542,1.6225038518919874,62.11204369869807,0.6173402857035378,1.9265668385889698,0.3788712923389871,0.012944255170941433,0.35135494118483884,0.6222327705146584,0.41543943784260573,0.3640995173867606,1.4275680633068402,-0.20013969154354677,0.2089694147002262,0.992242812479822,0.5659456626154177,-0.2771159468449424,-0.5108475565990599,-0.015844680845727425,0.17578887292153844,0.04808935292316514,-0.1381033334718234,0.6219844739909469,-0.4157307115203959,-0.750000000000001,-0.0479543646211607,3.6492898959633613,-0.7211135357861548,-0.48470092403523457,2.42756806330684,121.14285714285714,0.09499662563913157,1.4586657216966272,45.536185714285715,0.3640995173867602,1.5046509379671502,0.005030500912330872,0.1834053817916273,162.85714285714286,100.42857142857143,67.0,46.857142857142854,146.57142857142858,0.18340538179162774,6.688476882461315,0.37029613146575185,0.5136666839098624,1.4586657216966314,64.13572736024626,0.591702690895814,2.3324095708509853,0.2911043709375884,-0.04054395799417459,0.2745567035497417,0.5541382943049339,0.3700170875447633,0.3640995173867606,1.181913620528207,-0.20013969154354677,0.23292244819065316,0.9903459166962586,0.4593933658725607,-0.2771159468449424,-0.5491884971473412,-0.06930482875195389,0.12333800226079787,-0.005462620059093142,-0.19019066880046065,0.6930248682913609,-0.37029613146575185,-0.750000000000001,-0.0479543646211607,3.279253242908468,-0.745721186786985,-0.5245717626354265,2.1819136205282073,121.14285714285714,0.09499662563913157,1.4586657216966272,45.536185714285715,0.3640995173867602,1.5046509379671502,0.005030500912330872,798,110.0,0.18681318681318684,0.09498399146211318,0.3788712923389871
35,217,S2,18.03.2022. ,44.868284871428564,20.327698571428574,,,0.14317414228079928,152.14285714285714,113.57142857142857,73.85714285714286,48.857142857142854,171.0,0.20129336072754547,7.558752605851841,0.3972956763621416,0.55529291167053,1.5051774207748265,71.75960599201814,0.6006466803637728,2.1422072811466824,0.2952629825709989,-0.03608752760456779,0.3014071685032052,0.5947141902915954,0.39703304797330236,0.39838991867869167,1.320728581480404,-0.2130640603256326,0.23366829885111803,0.9921575755325486,0.5012275740044781,-0.28843339481228447,-0.5373412892372882,-0.04585021311717092,0.1645906630100218,0.025186727789507726,-0.1604235335573813,0.6651920160105311,-0.3972956763621416,-0.23857142857142932,-0.048755538705959035,3.5818431287281074,-0.7383856262846644,-0.4817379409888442,2.3207285814804037,124.85714285714286,0.09861936419145442,1.3369391581177354,44.74278571428571,0.39838991867869117,1.5424589595782687,0.004844611358065127,0.14317414228079928,171.0,113.57142857142857,73.85714285714286,48.857142857142854,152.14285714285714,0.14317414228079958,6.150345042939234,0.34565870903165913,0.5124375534071774,1.3369391581177432,74.28141479201211,0.5715870711404,2.7948046796626516,0.2049689498079176,-0.0955677167249688,0.21435924135963802,0.5173295809935788,0.34541118430767687,0.39838991867869167,1.0601098209457465,-0.2130640603256326,0.2639687647503814,0.9899636730171418,0.3731269370650598,-0.28843339481228447,-0.57830363643328,-0.10527622460358581,0.10583305825921975,-0.03461765455377439,-0.21801415619304892,0.7506372628188261,-0.34565870903165913,-0.23857142857142932,-0.048755538705959035,3.177683904347567,-0.7642338298368421,-0.5262624972705593,2.0601098209457467,124.85714285714286,0.09861936419145442,1.3369391581177354,44.74278571428571,0.39838991867869117,1.5424589595782687,0.004844611358065127,434,109.5,0.14516129032258063,0.09850438370293962,0.2952629825709989
36,218,BAS17,18.03.2022. ,44.86831855999999,20.32774774,,,0.2521624439123208,171.4,102.2,69.4,47.0,191.6,0.30405335890752105,9.437325403660878,0.46792967008904257,0.6054521217905494,1.8797520378030756,60.32375123269512,0.6520266794537606,1.6292349813183147,0.4958748865641923,0.08060426375623633,0.45530373867181134,0.7005493780421743,0.4676423340888639,0.3692432613381569,1.7704882478876285,-0.19134247085190897,0.17155624749992465,0.9944027033743783,0.69715087503272,-0.2638915996913395,-0.4540700098660979,0.055186417226861705,0.24377757559331883,0.12411087171801874,-0.06580086760894713,0.5345831182400593,-0.46792967008904257,0.8719999999999999,-0.036623761204103225,4.0837524812496495,-0.6837425563617734,-0.42110429123450954,2.7704882478876285,140.4,0.09916631713023027,1.682243115080172,44.984359999999995,0.3692432613381564,1.47333694717595,0.0046557778969734415,0.2521624439123208,191.6,102.2,69.4,47.0,171.4,0.25216244391232123,8.284370720620254,0.4227992788651537,0.5685052531845793,1.6822431150801749,62.530509846278036,0.6260812219561606,1.8276053646226456,0.40186620318138716,0.024684190700773746,0.3775535831181239,0.6328823022091876,0.4225180021082142,0.3692432613381569,1.4790055545473504,-0.19134247085190897,0.19222986074344836,0.9929711688890265,0.6007533496494362,-0.2638915996913395,-0.4972299715875971,-0.0008576163129841157,0.19023061747906564,0.06849190497685771,-0.12133837545885125,0.5987997617948227,-0.4227992788651537,0.8719999999999999,-0.036623761204103225,3.653537363789897,-0.7122740055342094,-0.46599877350649876,2.47900555454735,140.4,0.09916631713023027,1.682243115080172,44.984359999999995,0.3692432613381564,1.47333694717595,0.0046557778969734415,938,112.0,0.2529239766081871,0.09942270686337396,0.4958748865641923
37,219,BS12,18.03.2022. ,44.868363825,20.32779805,,,0.3361815598412345,185.0,91.75,67.25,43.75,201.25,0.3733872950326705,10.451697174315703,0.4988674915972009,0.6427626172269448,2.199810606060606,51.39144114941611,0.6866936475163352,1.4450996479884295,0.6465658347947045,0.14935740551604107,0.5591270335097536,0.746909012832272,0.498570106941505,0.3544061379730103,1.9920975863171355,-0.1536798814888769,0.12263276893270166,0.9954503557261972,0.8135498947802513,-0.21194011023133055,-0.38961628233924417,0.11702178344623697,0.2888928109709535,0.1951577788318277,-0.003805184542534536,0.4570160675105009,-0.4988674915972009,4.78,-0.003375147289803697,4.080532605844596,-0.6396537718092846,-0.36914015076287476,2.9920975863171355,146.75,0.11540959229103975,2.024053030303025,44.581875,0.35440613797300974,1.36525602088661,0.003960662410550512,0.3361815598412345,201.25,91.75,67.25,43.75,185.0,0.336181559841235,9.631861134551457,0.4662555703543215,0.6169792175594364,2.02405303030303,52.90323362755143,0.6680907799206175,1.5305166210742442,0.5726523112869829,0.10767057219694504,0.5033643623445756,0.6979988137176802,0.4659598025328787,0.3544061379730103,1.7507626012361466,-0.1536798814888769,0.13402090218710228,0.9945891932140317,0.7516551598560235,-0.21194011023133055,-0.4246430381089353,0.07503786787417914,0.24950900639869145,0.1540314753353358,-0.04607991556495643,0.49822265028169477,-0.4662555703543215,4.78,-0.003375147289803697,3.748195559078431,-0.6637151890791727,-0.40489728394811253,2.7507626012361466,146.75,0.11540959229103975,2.024053030303025,44.581875,0.35440613797300974,1.36525602088661,0.003960662410550512,4210,80.5,0.3369467028003613,0.11529766390354182,0.6465658347947045
38,220,S7,18.03.2022. ,44.868404840000004,20.32785394,,,0.21082386160433603,178.0,116.0,75.2,50.4,192.2,0.24758279152468027,8.717748034325842,0.4394660451126688,0.5847713436013023,1.6606618163943832,71.19092297516515,0.6237913957623402,1.869931534748464,0.37518819195606007,0.016127304633663592,0.3707689446066529,0.6579551282975006,0.4392003281995966,0.3942554658245006,1.5777862952188764,-0.21557723996656408,0.21364685954241952,0.9937083591770005,0.5936020377438421,-0.2934385498949774,-0.5015864140982434,0.003914405775868992,0.21108280944682312,0.07236820451648052,-0.1127602442820205,0.6036410086294333,-0.4394660451126688,-0.784000000000001,-0.0529608697929644,4.0120625245609185,-0.7152561397480927,-0.4469411782723628,2.577786295218876,142.0,0.11298412893642651,1.5375420816143417,44.605779999999996,0.3942554658245,1.55222283373081,0.00483641247760698,0.21082386160433603,192.2,116.0,75.2,50.4,178.0,0.21082386160433622,7.851645069562023,0.40769251408322055,0.5586660208423248,1.5375420816143497,72.89835068237437,0.6054119308021682,2.0819345686992747,0.3140251133109663,-0.022595053776169723,0.31569605968281605,0.6103189378610598,0.4074319267907597,0.3942554658245006,1.385487940176988,-0.21557723996656408,0.23119041509301863,0.9926387320126523,0.5201145987667839,-0.2934385498949774,-0.5299287275149538,-0.03481173800331965,0.17377584720771436,0.033723446518297194,-0.15081207227012794,0.6526197053226314,-0.40769251408322055,-0.784000000000001,-0.0529608697929644,3.710924781671199,-0.7335819492198092,-0.47737867137641177,2.385487940176988,142.0,0.11298412893642651,1.5375420816143417,44.605779999999996,0.3942554658245,1.55222283373081,0.00483641247760698,1540,121.5,0.2108843537414966,0.1125,0.37518819195606007
39,221,S2,18.03.2022. ,44.86844918,20.327926079999997,,,0.2118257731136252,174.6,113.6,79.8,50.4,193.2,0.25957913572770597,8.90951725755958,0.4153709553577455,0.5862328985914117,1.7021529186941788,69.13485434032675,0.629789567863853,1.7972249588087261,0.4008327889148485,0.016040548814799223,0.3887288378446104,0.6219072347938553,0.415125482307633,0.38530108492415943,1.4240845316467208,-0.1747093199895906,0.17475498451867286,0.9938766588951824,0.6169942170535742,-0.23659033662545648,-0.49214559556227594,-0.0003788183927695441,0.19477777309745287,0.08187069301327674,-0.11568191713968116,0.588037414965856,-0.4153709553577455,4.751999999999997,-0.013622478817773462,3.4551298478198986,-0.7091200935613006,-0.4454586006523595,2.424084531646721,145.6,0.09147112299049158,1.5389345779012298,43.01032,0.38530108492415904,1.424082665077686,0.0037633602161410698,0.2118257731136252,193.2,113.6,79.8,50.4,174.6,0.21182577311362566,7.795335484687191,0.37264554379857995,0.5520489525850124,1.5389345779012342,71.33583340619138,0.6059128865568129,2.0475219230675954,0.3195123248526355,-0.03446491536307096,0.31718278241229286,0.5578623712726425,0.37240928828264686,0.38530108492415943,1.1916553595658073,-0.1747093199895906,0.19340034127493513,0.9925069424671064,0.5228075818445312,-0.23659033662545648,-0.5294290967953958,-0.05086573178211251,0.1456939227280316,0.031496120400237596,-0.16519389647945654,0.6508061815620297,-0.37264554379857995,4.751999999999997,-0.013622478817773462,3.123858661066935,-0.7333087140133062,-0.4850174107467959,2.1916553595658073,145.6,0.09147112299049158,1.5389345779012298,43.01032,0.38530108492415904,1.424082665077686,0.0037633602161410698,1283,116.0,0.2116585704371964,0.0905683947532792,0.4008327889148485
40,222,RGA2,18.03.2022. ,44.8684936,20.32798872857143,,,0.24617929893327045,186.85714285714286,112.57142857142857,77.71428571428571,52.0,203.42857142857142,0.2864900569313715,9.498820734094737,0.4465733208572883,0.5912176604029817,1.8064990386870234,67.21890622092455,0.6432450284656859,1.6757741808382227,0.46378235894666314,0.058931374582530706,0.42904992739397685,0.6686544928642496,0.44631582995445934,0.3670637042681205,1.6151796074903888,-0.1833522287944569,0.1725487264135992,0.9944473129331692,0.6662753893241405,-0.25263915632500084,-0.4694928704969872,0.032448765408233646,0.2199679612808397,0.1042249554828889,-0.08831485883254128,0.5552011165475313,-0.4465733208572883,2.091428571428571,-0.029214203234479114,3.7932558949317885,-0.6941007430200451,-0.43884002893798735,2.615179607490389,154.0,0.09648614401438663,1.6575810314107486,43.584042857142855,0.3670637042681202,1.4507028400808415,0.004050724853749485,0.24617929893327045,203.42857142857142,112.57142857142857,77.71428571428571,52.0,186.85714285714286,0.2461792989332708,8.570083979576996,0.41116335278853927,0.5621198784470421,1.6575810314107535,69.06340595692033,0.6230896494666354,1.839560929306493,0.3908912943264364,0.015669673228763996,0.3686495504501273,0.615565650827276,0.41091141853057067,0.3670637042681205,1.398718501763372,-0.1833522287944569,0.18846452105064745,0.9933640483287812,0.590181054207539,-0.25263915632500084,-0.502444154271627,-0.010863043108984172,0.1783147207023365,0.0611944603878458,-0.13106832601100143,0.6059002433034993,-0.41116335278853927,2.091428571428571,-0.029214203234479114,3.4779702333180404,-0.7157694967516746,-0.4729480528167763,2.3987185017633723,154.0,0.09648614401438663,1.6575810314107486,43.584042857142855,0.3670637042681202,1.4507028400808415,0.004050724853749485,2115,59.0,0.2480916030534351,0.09639564124057,0.46378235894666314
41,223,RGA3,18.03.2022. ,44.8685310111111,20.328028266666667,,,0.3356154987430242,192.77777777777777,95.88888888888889,72.22222222222223,46.111111111111114,204.44444444444446,0.3618549405549415,10.404105808114965,0.47854450284371286,0.6324604391876254,2.140986212728316,54.2243484495523,0.6809274702774708,1.4649801716906259,0.6280403415362128,0.13227987017264853,0.5418734989315787,0.7165109828193788,0.47826559093166104,0.3507889492606393,1.838824278334255,-0.1407346183360124,0.11649502433593846,0.9953857328155659,0.795090130747339,-0.19375054675474365,-0.40095311836264463,0.09812870086780073,0.2676346017688608,0.18095773814440022,-0.022577941765895185,0.4693276162488584,-0.47854450284371286,6.697777777777777,0.008420697493910796,3.780998187684447,-0.6475500696766712,-0.38413000988215845,2.838824278334255,155.66666666666666,0.10685459812966853,2.0233960367256687,43.53832222222221,0.3507889492606388,1.3310770883394087,0.003456598683066606,0.3356154987430242,204.44444444444446,95.88888888888889,72.22222222222223,46.111111111111114,192.77777777777777,0.3356154987430247,9.814973305729161,0.45531258716650946,0.6140421010052416,2.023396036725673,55.35121450808359,0.6678077493715123,1.5306653134681332,0.5765796546051614,0.1031288981589361,0.5025481324895887,0.6816726848220189,0.45503570562221146,0.3507889492606393,1.6790065139390256,-0.1407346183360124,0.1244305578403335,0.9947799425798531,0.7504254222241942,-0.19375054675474365,-0.4249529650037435,0.06879446715245637,0.23988952656935203,0.15213272907722153,-0.05196552009712469,0.49906819561559806,-0.45531258716650946,6.697777777777777,0.008420697493910796,3.5627657378343347,-0.6638778373640878,-0.40860630340572923,2.679006513939026,155.66666666666666,0.10685459812966853,2.0233960367256687,43.53832222222221,0.3507889492606388,1.3310770883394087,0.003456598683066606,2374,64.5,0.3356428021555043,0.10650510204081633,0.6280403415362128
42,224,S3,18.03.2022. ,44.86851012857142,20.327994057142856,,,0.21281403059983056,170.14285714285714,110.85714285714286,73.28571428571429,49.42857142857143,188.14285714285714,0.2602435193884159,8.779834780798748,0.4404022021083249,0.5847024371509503,1.7095824058942952,67.55782903551551,0.630121759694208,1.8124526624049249,0.40632301902431855,0.03107254107961079,0.3897059284873821,0.6593344786564661,0.4401311641514803,0.3825292485515083,1.5815926647114975,-0.2035170921567961,0.1992874499894719,0.9937615365247449,0.616653735900952,-0.27834099410447893,-0.4909354771708951,0.012732609043750053,0.21185862172319064,0.08179093925568767,-0.10579218077972663,0.5882557392417863,-0.4404022021083249,-0.10000000000000142,-0.0445130438816053,3.902548004962872,-0.7082013264543984,-0.4470465937123911,2.5815926647114975,139.28571428571428,0.1000551661740049,1.5483415194750785,44.681057142857135,0.3825292485515077,1.511998997331847,0.004650344413682907,0.21281403059983056,188.14285714285714,110.85714285714286,73.28571428571429,49.42857142857143,170.14285714285714,0.21281403059983112,7.66840334728682,0.3989459211563741,0.5505773803716995,1.548341519475083,69.70876882952186,0.6064070152999156,2.0984812652272358,0.32574578825543704,-0.01898112812335866,0.3186466617261025,0.5971850622421767,0.39868233554844074,0.3825292485515083,1.3373219619595527,-0.2035170921567961,0.220771527604789,0.9923625851824524,0.5221467877738217,-0.27834099410447893,-0.5277876484268392,-0.037345131863774514,0.16342163993575828,0.031817273940169324,-0.1549758261586043,0.6512428239797232,-0.3989459211563741,-0.10000000000000142,-0.0445130438816053,3.532093811616345,-0.7320985350344966,-0.4861273907815648,2.3373219619595527,139.28571428571428,0.1000551661740049,1.5483415194750785,44.681057142857135,0.3825292485515077,1.511998997331847,0.004650344413682907,718,109.5,0.21098118962887644,0.0997229916897507,0.40632301902431855
43,225,S8,18.03.2022. ,44.868463500000004,20.327903342857145,,,0.22796754606156014,172.71428571428572,107.85714285714286,73.0,48.142857142857146,191.14285714285714,0.2770093680240153,9.048037608887482,0.4461741688339946,0.5958248707081426,1.7933542691247584,64.99113042646457,0.6385046840120078,1.7801458765822484,0.4393585778417816,0.04499649098127935,0.41482201652629547,0.6679908147087562,0.44590278872381617,0.38235449066137267,1.6319006658251376,-0.1923731406871485,0.18637477321878987,0.9939265120206072,0.6435928362056542,-0.2621620353336858,-0.47461567055812137,0.027109635187329537,0.22309150193413416,0.10042197002824518,-0.09019026084919321,0.5703079852109424,-0.4461741688339946,1.5685714285714287,-0.033079812796784555,3.8779428557768276,-0.696881810707121,-0.4305967686546061,2.6319006658251376,141.57142857142858,0.09871372083434911,1.6213823092550286,44.456657142857146,0.3823544906613723,1.4798834307170914,0.004458547319184949,0.22796754606156014,191.14285714285714,107.85714285714286,73.0,48.142857142857146,172.71428571428572,0.2770093680240153,9.048037608887482,0.4461741688339946,0.5958248707081426,1.7933542691247584,64.99113042646457,0.6385046840120078,1.7801458765822484,0.4393585778417816,0.04499649098127935,0.41482201652629547,0.6679908147087562,0.44590278872381617,0.38235449066137267,1.6319006658251376,-0.1923731406871485,0.18637477321878987,0.9939265120206072,0.6435928362056542,-0.2621620353336858,-0.47461567055812137,0.027109635187329537,0.22309150193413416,0.10042197002824518,-0.09019026084919321,0.5703079852109424,-0.4461741688339946,1.5685714285714287,-0.033079812796784555,3.8779428557768276,-0.696881810707121,-0.4305967686546061,2.6319006658251376,141.57142857142858,0.09871372083434911,1.6213823092550286,44.456657142857146,0.3823544906613723,1.4798834307170914,0.004458547319184949,944,125.5,0.23116089613034627,0.09909090909090906,0.4393585778417816
44,226,BS13,18.03.2022. ,44.8684348,20.3278468,POM_BLE,E8:EB:1B:65:62:BF,0.388888888888888,200.0,88.0,65.0,41.0,216.0,0.42105263157894735,11.31370849898476,0.5373665480427047,0.6809338521400778,2.4545454545454546,47.346427642709386,0.7105263157894737,1.3671875,0.7314285714285714,0.19700748129675819,0.6305418719211823,0.8046181172291298,0.5370607483283539,0.3643410852713178,2.3230769230769233,-0.1503267973856209,0.10648148148148148,0.9962348108848195,0.8880470365182058,-0.20535714285714285,-0.34146341463414637,0.17073170731707318,0.3416149068322981,0.25217391304347825,0.05365853658536585,0.4074074074074074,-0.5373665480427047,5.670000000000002,0.003861003861003861,4.498934911242604,-0.6058394160583942,-0.30990415335463256,3.3230769230769233,158.0,0.117318435754189,2.27272727272727,44.8361,0.364341085271317,1.35384615384615,0.00402097902097902,0.388888888888888,216.0,88.0,65.0,41.0,200.0,0.3888888888888889,10.583005244258361,0.5094339622641509,0.6597510373443983,2.272727272727273,48.64383025854586,0.6944444444444444,1.4196428571428572,0.66429418742586,0.15975645114525958,0.5823223570190641,0.7627118644067796,0.5091265650927741,0.3643410852713178,2.076923076923077,-0.1503267973856209,0.115,0.9956096587507484,0.8390722891366967,-0.20535714285714285,-0.375,0.13314447592067988,0.30718954248366015,0.21580547112462006,0.015228426395939087,0.44,-0.5094339622641509,5.670000000000002,0.003861003861003861,4.165680473372781,-0.6296296296296297,-0.3442622950819672,3.076923076923077,158.0,0.117318435754189,2.27272727272727,44.8361,0.364341085271317,1.35384615384615,0.00402097902097902,3118,105.0,0.3888888888888889,0.11731843575418995,0.7314285714285714
45,227,BS18,18.03.2022. ,44.86840385714286,20.327805685714285,,,0.1372033165560426,151.28571428571428,114.85714285714286,72.14285714285714,50.0,167.85714285714286,0.18769906861103766,7.259380619600719,0.39862460050938664,0.5407494500754879,1.4649431609270525,73.2399504872805,0.5938495343055188,2.256536117317487,0.2760331857982855,-0.040767712022490465,0.2810496099972761,0.5966916543851777,0.3983585704027692,0.39326230720191624,1.331839583222131,-0.22817375932287248,0.25436014812451707,0.9918437095651973,0.4717675772216167,-0.31164115431896783,-0.5470572955293775,-0.053623630183288036,0.15761297850514033,0.009278694933940219,-0.17043490739817127,0.6848482242033002,-0.39862460050938664,-3.1514285714285712,-0.06642805970363566,3.713479044143988,-0.7445388549164434,-0.49635432265718077,2.331839583222131,125.85714285714286,0.09200649330727906,1.3197785549204357,45.4046,0.39326230720191585,1.5917087543542443,0.005164416791975374,0.1372033165560426,167.85714285714286,114.85714285714286,72.14285714285714,50.0,151.28571428571428,0.13720331655604295,6.01251216439183,0.3541795843311607,0.5031672758405855,1.3197785549204386,75.4750416816848,0.5686016582780216,2.8508943437514866,0.19695617502746696,-0.09243772992097746,0.20541699799678542,0.530080393837523,0.353925547164303,0.39326230720191624,1.1004516153579313,-0.22817375932287248,0.2821632386496535,0.9899801674506133,0.3598794124338162,-0.31164115431896783,-0.5824919149808588,-0.10521930513074242,0.10666523014441988,-0.04261522242789612,-0.2204122876081533,0.7594797324454114,-0.3541795843311607,-3.1514285714285712,-0.06642805970363566,3.3444798781208758,-0.7668738691534385,-0.5346118108184873,2.1004516153579313,125.85714285714286,0.09200649330727906,1.3197785549204357,45.4046,0.39326230720191585,1.5917087543542443,0.005164416791975374,1217,115.5,0.1368760064412238,0.0917525773195876,0.2760331857982855
46,228,S4,18.03.2022. ,44.86835678,20.327759620000002,,,0.173216557038479,153.4,108.0,72.2,47.6,172.2,0.2286600697445403,7.999567397113161,0.4089656291692524,0.5667831575171204,1.5944295558794068,67.06558739335085,0.6143300348722702,1.9543537822513872,0.3459402110741086,-0.008172181366087692,0.34237934670911435,0.6121937461085913,0.4086975867297647,0.3884458323127061,1.3847944858257837,-0.19881056659115162,0.20863524853226983,0.9927004746225411,0.5567064388069896,-0.27003918562058093,-0.5165688784612426,-0.023085508612237172,0.17929674156388456,0.05029304910727931,-0.13929395278182807,0.6281838190015496,-0.4089656291692524,1.0439999999999992,-0.03747408311649193,3.5714583489253,-0.7250166897818148,-0.4685014447930066,2.3847944858257835,127.4,0.09251377946470281,1.4209642459493461,44.69408,0.3884458323127058,1.497451295639012,0.004607539536282964,0.173216557038479,172.2,108.0,72.2,47.6,153.4,0.17321655703847966,6.714809039042748,0.3597320591953328,0.5262270886263312,1.4209642459493501,69.44082272087073,0.5866082785192399,2.3770538232015217,0.25521467497664824,-0.0658273500411478,0.2593294619987554,0.5384028950893899,0.3594766991059778,0.3884458323127061,1.1246561926805867,-0.19881056659115162,0.23446224345178313,0.9908029349703877,0.44082841058186506,-0.27003918562058093,-0.5575730553496867,-0.08067381213909222,0.12284684146222684,-0.0074273283810768476,-0.19540409312198714,0.7054408915631804,-0.3597320591953328,1.0439999999999992,-0.03747408311649193,3.1808050863162705,-0.7512273104790919,-0.5122922480288802,2.124656192680587,127.4,0.09251377946470281,1.4209642459493461,44.69408,0.3884458323127058,1.497451295639012,0.004607539536282964,686,111.5,0.1736801836266259,0.09259259259259259,0.3459402110741086
47,229,S8,18.03.2022. ,44.86830138,20.327701,,,0.2264087473481768,167.8,106.0,71.4,50.0,184.0,0.2695786743564229,8.824545614990859,0.44134139089417823,0.5728042886971945,1.7413666374563739,64.1143950849939,0.6347893371782114,1.7261872067994322,0.44092065508988065,0.05064942600182004,0.4036690261824563,0.6607144839003436,0.4410641987744772,0.35844723089724334,1.582431553627206,-0.19482832256670465,0.18820794848534828,0.9937509747210445,0.6350779854042999,-0.2712315969325519,-0.48366503725732535,0.01895618383981002,0.2054574992158517,0.08293626454288232,-0.10485230565284935,0.5759510212216175,-0.44134139089417823,-0.43999999999999984,-0.0442597898522681,3.836404892109435,-0.7034873809263844,-0.4616002278258497,2.5824315536272056,138.2,0.09683510359913539,1.5879083768773943,44.816359999999996,0.3584472308972428,1.485459633965066,0.004587615450461022,0.2264087473481768,184.0,106.0,71.4,50.0,167.8,0.22640874734817729,7.853678974372033,0.4035377965643098,0.5410900935993314,1.5879083768774003,65.97884725719936,0.6132043736740886,1.9188151250922991,0.3631799130840638,0.004671917721559954,0.3389908883940024,0.6040397319716414,0.40326712506559853,0.35844723089724334,1.3550138035192385,-0.19482832256670465,0.20630194847776978,0.9924946988473888,0.5518272644675926,-0.2712315969325519,-0.518164528152577,-0.02707225696924227,0.16097814640438823,0.03707976204983774,-0.15014474619927154,0.6314222657089725,-0.4035377965643098,-0.43999999999999984,-0.0442597898522681,3.4988038119349,-0.7260222998600974,-0.4970958852155106,2.3550138035192383,138.2,0.09683510359913539,1.5879083768773943,44.816359999999996,0.3584472308972428,1.485459633965066,0.004587615450461022,550,117.5,0.2257121986851717,0.09673202614379092,0.44092065508988065
48,230,BS14,18.03.2022. ,44.8682603,20.327656325,,,0.3419871271354358,190.5,93.25,67.0,45.5,206.5,0.3773460582126664,10.62820692848937,0.5096942372036286,0.638395569588137,2.219250918758308,52.05331292301601,0.6886730291063332,1.426669343467943,0.6654105646281024,0.16418858340132111,0.5650758046342624,0.7631437063020581,0.5093956999278638,0.3439837529766957,2.0846609477124183,-0.16370327941568102,0.1277538526110358,0.9956001626625075,0.8200358769082975,-0.22863554844027362,-0.38581013603396874,0.12582127941959376,0.2942666787884675,0.19586911867929782,0.0016153092728457222,0.4527073317267782,-0.5096942372036286,2.8775000000000004,-0.01739443070457559,4.290076832386515,-0.6370204903907186,-0.3756168046928916,3.0846609477124183,153.5,0.10770097056057325,2.0479376808194476,44.842025,0.3439837529766952,1.391978145424835,0.004207810997962398,0.3419871271354358,206.5,93.25,67.0,45.5,190.5,0.34198712713543616,9.84159559450201,0.47897905694205034,0.6136443883236642,2.0479376808194543,53.51125677682721,0.6709935635677181,1.5001241162663168,0.5935402523660253,0.12449561444803325,0.5120783487261694,0.7170740504201645,0.478681161806528,0.3439837529766957,1.8461499183006536,-0.16370327941568102,0.13868001797633295,0.9948162236011431,0.762102539244795,-0.22863554844027362,-0.4196091085873467,0.08574727931878717,0.25676257873442926,0.15658098772730014,-0.038857084196040614,0.4912743175124868,-0.47897905694205034,2.8775000000000004,-0.01739443070457559,3.9578177506556305,-0.660339111795795,-0.40975756872781965,2.846149918300654,153.5,0.10770097056057325,2.0479376808194476,44.842025,0.3439837529766952,1.391978145424835,0.004207810997962398,1050,80.0,0.34273127753303967,0.10755813953488372,0.6654105646281024
49,231,BS18,18.03.2022. ,44.86821534999999,20.327596466666666,,,0.26494633726787564,170.16666666666666,98.66666666666667,70.0,47.0,185.66666666666666,0.3049243753852049,9.288794568935383,0.45083047846163815,0.5949772590417622,1.8894303368710705,58.21337325347233,0.6524621876926023,1.6176645123038176,0.514178610702698,0.08023294933039139,0.45658205845979816,0.6749228276931101,0.4505478838399564,0.3540741129369991,1.651113834422658,-0.1688107844378545,0.15538695586491402,0.9941828051765479,0.6974083868581719,-0.23382362954886268,-0.45258364762789177,0.04682483454258088,0.22540538511720257,0.11977671235853532,-0.07572276090075242,0.5343909675691018,-0.45083047846163815,2.85,-0.019103113375867623,3.7328507112586085,-0.6825908015174998,-0.43390113393991964,2.651113834422658,138.66666666666666,0.10203324780331047,1.7322909629004297,44.48159999999999,0.35407411293699864,1.4091320896511934,0.004119498412009392,0.26494633726787564,185.66666666666666,98.66666666666667,70.0,47.0,170.16666666666666,0.26494633726787625,8.409150867068742,0.4154653538617917,0.5661432765478868,1.7322909629004348,59.86903923832972,0.6324731686339381,1.762764595564253,0.43955038550616493,0.03691939735142175,0.3966806477973938,0.6219010266851981,0.4151882653225117,0.3540741129369991,1.430018442627442,-0.1688107844378545,0.16971542569925355,0.9930763719578178,0.6240722128449048,-0.23382362954886268,-0.48641704340401754,0.003357667039277647,0.18370548066436312,0.07670312446689126,-0.11880473407176555,0.5832412282731585,-0.4154653538617917,2.85,-0.019103113375867623,3.4206394171107863,-0.7050912369076215,-0.46857964273491776,2.4300184426274423,138.66666666666666,0.10203324780331047,1.7322909629004297,44.48159999999999,0.35407411293699864,1.4091320896511934,0.004119498412009392,980,119.5,0.2659640421574705,0.10199676200755532,0.514178610702698
50,232,RGA3,18.03.2022. ,44.86817003333334,20.327534033333333,,,0.38164936921091236,194.0,86.66666666666667,66.33333333333333,43.166666666666664,204.16666666666666,0.4028790268527496,10.795959343639955,0.5101148481784051,0.6494359400789782,2.3537401617867384,47.33404934509668,0.7014395134263749,1.3725625699581816,0.7325808595019372,0.1857279928845563,0.6032570083019716,0.7637176606188424,0.5098041159379153,0.3341805165222785,2.084476614934361,-0.1346763035597461,0.10148499224658754,0.9957008484042578,0.8601458608653374,-0.18828467327372525,-0.3602279884232742,0.14271180822187418,0.30125802733030255,0.22100089369805107,0.01904431067071601,0.4259510195555501,-0.5101148481784051,6.201666666666665,0.008425800140964756,4.061007145864561,-0.619102899214512,-0.35905020986412056,3.084476614934361,154.33333333333334,0.11467108188254765,2.2390227019783264,44.374883333333344,0.334180516522278,1.31468321851939,0.0037460227641065423,0.38164936921091236,204.16666666666666,86.66666666666667,66.33333333333333,43.166666666666664,194.0,0.3816493692109129,10.320757389510455,0.49133442431845387,0.634863200926668,2.23902270197833,48.18647293496283,0.6908246846054564,1.4083857309806262,0.6878803780557973,0.16137220047742437,0.5714325852025969,0.7355467631699056,0.4910236211145332,0.3341805165222785,1.933598492151124,-0.1346763035597461,0.10677278540524192,0.9952594175727584,0.827131252609486,-0.18828467327372525,-0.3818095018599153,0.11806525556006942,0.2783398264717271,0.19705180379298667,-0.006020620711005689,0.4479230365855262,-0.49133442431845387,6.201666666666665,0.008425800140964756,3.8617649521364865,-0.6342880016661114,-0.3808019045555904,2.933598492151124,154.33333333333334,0.11467108188254765,2.2390227019783264,44.374883333333344,0.334180516522278,1.31468321851939,0.0037460227641065423,3820,76.0,0.38242280285035624,0.11387559808612437,0.7325808595019372
51,233,RGA4,18.03.2022. ,44.8681593,20.32749248,,,0.3565185809104058,187.0,88.4,68.2,43.4,196.2,0.3777803817989092,10.358485859278755,0.4837016461605431,0.6368883919951908,2.216724596870228,49.28065922769489,0.6888901908994546,1.4208154961461283,0.6706663948178876,0.15078339472812527,0.5656681298189902,0.7241671209517729,0.48340571608113947,0.34114673200348256,1.8787485108986126,-0.1297194366046825,0.10364252933493354,0.9953286070432185,0.821284559830058,-0.17982350515676998,-0.3858771617430744,0.11148813382766647,0.2740263245633628,0.19515725517050303,-0.010507336006404704,0.4518352985455964,-0.4837016461605431,7.25,0.016224478296996823,3.740465857197487,-0.6371852631083303,-0.3781891631167024,2.8787485108986126,149.6,0.11149726339991854,2.1111887950237422,43.98158,0.341146732003482,1.29850743745774,0.0034267812389181403,0.3565185809104058,196.2,88.4,68.2,43.4,187.0,0.35651858091040645,9.899877232445803,0.4646957510866053,0.6220618367457085,2.1111887950237467,50.10120778736121,0.6782592904552032,1.4621132873764453,0.6270039187540072,0.1267243708910501,0.5338007456009841,0.6956640625541829,0.464401041765033,0.34114673200348256,1.7409044077401077,-0.1297194366046825,0.10899368219607641,0.9948336037493373,0.7869407257550873,-0.17982350515676998,-0.40650221528419356,0.08720145146866581,0.2511901283724164,0.17143874219170882,-0.03501543256145616,0.4746942718102665,-0.4646957510866053,7.25,0.016224478296996823,3.560330141652691,-0.6514738455965824,-0.3989908878611021,2.740904407740108,149.6,0.11149726339991854,2.1111887950237422,43.98158,0.341146732003482,1.29850743745774,0.0034267812389181403,4232,81.0,0.3580246913580247,0.11111111111111112,0.6706663948178876
52,234,BS20,18.03.2022. ,44.868181,20.3274947,,,0.2525336810478314,167.0,100.6,67.8,44.2,182.4,0.29390716902398983,9.03797063757096,0.4634815079571024,0.6113457718832274,1.839964005030253,60.02963443096195,0.6469535845119949,1.6859111769823876,0.4627937063989481,0.06228253487194855,0.4400472732562847,0.6937794980081129,0.4631732694188274,0.38678194682128175,1.747498833934508,-0.19689554348090935,0.1793501253988211,0.9939669753530703,0.6786765736232528,-0.26821021304943055,-0.462673025828234,0.04640268096139156,0.24412667387746567,0.11945493624378818,-0.07070107829769705,0.546858536982038,-0.4634815079571024,1.6039999999999985,-0.036082708564837605,4.108094047564393,-0.6894569243035582,-0.4132513875477463,2.7474988339345083,135.6,0.10432110933176857,1.682468316798112,45.239520000000006,0.38678194682128114,1.491519130766122,0.005182945580627498,0.2525336810478314,182.4,100.6,67.8,44.2,167.0,0.25253368104783197,8.134493904605334,0.4277856697221507,0.5825298465489854,1.6824683167981154,61.73522844337045,0.6262668405239159,1.854029431938642,0.38966525007262776,0.017715474680218696,0.3780587931129505,0.6402542639539497,0.427481355760346,0.38678194682128175,1.5104230901915527,-0.19689554348090935,0.19648007278872584,0.9927649464060083,0.6016266261306704,-0.26821021304943055,-0.49706422131967776,0.001750742532753604,0.2016805616194833,0.0751647844018664,-0.11501817477038623,0.5981822740975111,-0.4277856697221507,1.6039999999999985,-0.036082708564837605,3.750794571510047,-0.7121960532717628,-0.4496461436283739,2.5104230901915527,135.6,0.10432110933176857,1.682468316798112,45.239520000000006,0.38678194682128114,1.491519130766122,0.005182945580627498,600,120.0,0.24813153961136025,0.10376734963648382,0.4627937063989481
53,235,BS11,18.03.2022. ,44.86821902857143,20.327565342857145,,,0.39793216074982996,207.42857142857142,88.14285714285714,68.85714285714286,43.714285714285715,222.57142857142858,0.42819367364594946,11.521211373399776,0.5247046280004363,0.6671663821733874,2.5316529244667865,47.11217779368865,0.7140968368229748,1.3502361883206155,0.786365638179036,0.20991881684578306,0.6412606567917026,0.7856975916227233,0.5244142868211886,0.33640626947629665,2.2247210245276587,-0.12319890128376855,0.09078324745787081,0.9962324943061,0.8945751702611145,-0.17180913264923237,-0.33032617378667467,0.16894498282388373,0.32401890726298543,0.25143431743648526,0.047906401816277845,0.4030709565229847,-0.5247046280004363,7.815714285714287,0.020957569738876032,4.123448948639765,-0.5970560159632375,-0.32670602306091023,3.2247210245276583,165.0,0.11435662110945602,2.3584817326808127,43.77014285714286,0.33640626947629615,1.2842857179576244,0.003223064722717137,0.39793216074982996,222.57142857142858,88.14285714285714,68.85714285714286,43.714285714285715,207.42857142857142,0.39793216074983045,10.825377666716074,0.49775213941651375,0.6461524533840801,2.3584817326808176,48.326781922341766,0.6989660803749153,1.4067923892698906,0.7213214223431157,0.1749980824699017,0.5958951057395685,0.7452685440856758,0.4974617111583279,0.33640626947629665,2.001621891907448,-0.12319890128376855,0.09827826422147241,0.9955953804822653,0.8474112473036455,-0.17180913264923237,-0.3617824907042415,0.1335464538651087,0.2910816834798219,0.21716445173628274,0.011836379787909098,0.43446523903403084,-0.49775213941651375,7.815714285714287,0.020957569738876032,3.8346009543972888,-0.6194702795522116,-0.35815256416650953,3.0016218919074475,165.0,0.11435662110945602,2.3584817326808127,43.77014285714286,0.33640626947629615,1.2842857179576244,0.003223064722717137,3400,77.0,0.4035766070565491,0.11392405063291136,0.786365638179036
54,236,S10,18.03.2022. ,44.86828179166667,20.327647916666663,,,0.18899167634924663,141.58333333333334,96.16666666666667,62.666666666666664,42.083333333333336,157.5,0.2409939546822406,7.789867438679388,0.4303621218779469,0.5776645084186152,1.643607928658029,59.28431683794084,0.6204969773411203,1.931771595280745,0.3671061462179684,0.008979059042647935,0.36078040687104224,0.64407601625503,0.4300486400203325,0.3912299016570174,1.5191909764248421,-0.211134268890562,0.21484757414786917,0.9921635095845551,0.5784845367729908,-0.28724410868066214,-0.5059780958296423,-0.0045562619922897675,0.2007870801670437,0.06461277217314725,-0.12130166953743886,0.6135981415838655,-0.4303621218779469,-0.5091666666666675,-0.04937837472926232,3.871370193688657,-0.7179671751868755,-0.4549237518227753,2.5191909764248415,114.33333333333333,0.10527459857805611,1.4768948744336727,46.31104166666666,0.39122990165701704,1.5377073570030741,0.005601827497507384,0.18899167634924663,157.5,96.16666666666667,62.666666666666664,42.083333333333336,141.58333333333334,0.1889916763492471,6.644011774202828,0.3848296790361978,0.5400160468437337,1.476894874433676,61.26228296368435,0.5944958381746235,2.374931691199429,0.2820786639922181,-0.04529100621835235,0.2828964830379516,0.5758312187757045,0.3845276690190404,0.3912299016570174,1.2616797163921396,-0.211134268890562,0.24045244579356842,0.9901802314935293,0.4705091171114797,-0.28724410868066214,-0.5449344178014983,-0.0588142608360784,0.14796725190655416,0.010330751140201778,-0.1743466445295372,0.685587630893623,-0.3848296790361978,-0.5091666666666675,-0.04937837472926232,3.4727381812795053,-0.7429853244891422,-0.49673603739044875,2.26167971639214,114.33333333333333,0.10527459857805611,1.4768948744336727,46.31104166666666,0.39122990165701704,1.5377073570030741,0.005601827497507384,622,117.0,0.19102698913424468,0.10647997394985352,0.3671061462179684
55,237,S1,18.03.2022. ,44.86833824,20.32774048,,,0.18003969207959739,140.4,97.6,64.0,42.6,156.4,0.23157467980171736,7.663664177503803,0.419958943210314,0.5720175211399919,1.603697851151867,60.50908706348031,0.6157873399008587,1.940890917712257,0.3478194711838826,-0.0029534343673629573,0.34667863771742774,0.628507569500309,0.4196532231539368,0.3924478741689143,1.454493418781642,-0.20889532776507994,0.21523679524881892,0.992039461591291,0.5626089060338328,-0.28409239230219263,-0.5143906350457396,-0.015884885241640175,0.18994952268104598,0.0547769872169084,-0.13213685475785814,0.6241763706918164,-0.419958943210314,-0.05000000000000142,-0.04655755777134653,3.7643134542929837,-0.7236207215759966,-0.46245872877023897,2.454493418781642,115.0,0.09987150294757059,1.44048882900385,46.057599999999994,0.392447874168914,1.5300239803014841,0.005458166551318656,0.18003969207959739,156.4,97.6,64.0,42.6,140.4,0.1800396920795977,6.533544553303453,0.3745240717600074,0.5345113439152336,1.4404888290038542,62.51425269390636,0.5900198460397988,2.302267485440812,0.26320195268835544,-0.056665485753887614,0.2694924021089477,0.5604110910216946,0.37423024534317023,0.3924478741689143,1.2063153558636788,-0.20889532776507994,0.2394286257749207,0.9901366652355732,0.4558878868051708,-0.28409239230219263,-0.5527990437081346,-0.06954538709658799,0.1375435857480554,0.0010282846844314533,-0.18451130906101681,0.6953218662536343,-0.3745240717600074,-0.05000000000000142,-0.04655755777134653,3.386128912017777,-0.7482204278692963,-0.5034969302681505,2.206315355863679,115.0,0.09987150294757059,1.44048882900385,46.057599999999994,0.392447874168914,1.5300239803014841,0.005458166551318656,532,113.0,0.1798319327731093,0.09945184025058733,0.3478194711838826
56,238,BS19,18.03.2022. ,44.868381163636364,20.327789345454548,,,0.2926633693879789,107.27272727272727,58.54545454545455,40.90909090909091,27.09090909090909,118.36363636363636,0.33712986146959517,7.7046511701746025,0.48455633284070027,0.6277177984272154,2.018121082081908,33.68345847768765,0.6685649307347975,1.53077335804021,0.5575392166158586,0.11059859185150099,0.5042419709088484,0.7245191943206308,0.48406130896328,0.36857718732220307,1.88476630975083,-0.17631673770883644,0.14845919601663124,0.9914443814879909,0.7545886243539972,-0.24206909718846797,-0.4249649397784589,0.08521199239848393,0.26911292827244404,0.15976158371983548,-0.034604933602671126,0.49585483048568163,-0.48455633284070027,1.5509090909090901,-0.021435633337601945,4.13249212009862,-0.6641863801492016,-0.3912123909656483,2.8847663097508303,86.36363636363636,0.10635804959627077,1.8290080157655817,48.96410000000001,0.36857718732220257,1.429941550374984,0.007420593950891688,0.2926633693879789,118.36363636363636,58.54545454545455,40.90909090909091,27.09090909090909,107.27272727272727,0.2926633693879792,6.950002318853641,0.4459309729872565,0.5969119961024142,1.8290080157655864,34.79504148091257,0.6463316846939896,1.6543835759409191,0.47367997504433323,0.06163992836751988,0.43765080865328704,0.6666075445648056,0.4454415106783976,0.36857718732220307,1.6136130658034682,-0.17631673770883644,0.16401973074374013,0.9895777623642169,0.6770741266093092,-0.24206909718846797,-0.4644764562404042,0.03606914532215733,0.22278824961781163,0.11133576708421002,-0.08375029823631612,0.5474312624110014,-0.4459309729872565,1.5509090909090901,-0.021435633337601945,3.742857911282364,-0.6908109744622742,-0.4321761312256163,2.6136130658034684,86.36363636363636,0.10635804959627077,1.8290080157655817,48.96410000000001,0.36857718732220257,1.429941550374984,0.007420593950891688,1667,112.0,0.293859649122807,0.10798122065727699,0.5575392166158586
57,239,BS14,18.03.2022. ,44.86837483333334,20.327791944444446,,,0.30466196285248476,135.55555555555554,72.0,50.55555555555556,34.111111111111114,149.22222222222223,0.347743116819342,8.75877327827945,0.49444111668545127,0.6281917167047267,2.0693492818682606,41.09084705309197,0.6738715584096711,1.4988266155369903,0.5892575305623657,0.12840171987053284,0.5204223857094972,0.7397661630374608,0.49403601513594325,0.3586743859541236,1.960771489874955,-0.17714420312719087,0.14583519373824227,0.9933658771242955,0.7722519035144633,-0.24527715969815345,-0.41482512599540367,0.09760523815158348,0.2766470479639509,0.16802725860678785,-0.024608632224813246,0.48430859973981577,-0.49444111668545127,1.6677777777777774,-0.025900756337699577,4.244465879539991,-0.6571978932897911,-0.39064947928695903,2.960771489874955,106.66666666666667,0.11872022728678555,1.8802423023008379,47.50298888888889,0.35867438595412304,1.432191573658613,0.006202874192338849,0.30466196285248476,149.22222222222223,72.0,50.55555555555556,34.111111111111114,135.55555555555554,0.30466196285248515,7.939585815360297,0.4571447674327259,0.5980175909663337,1.880242302300843,42.428300093794185,0.6523309814262426,1.6105149293799184,0.5058433328554207,0.08079866404757992,0.45588129243704917,0.6838358056861832,0.4567426401368023,0.3586743859541236,1.689688990192289,-0.17714420312719087,0.16074325478125195,0.9919495289106501,0.698222224164214,-0.24527715969815345,-0.4537818944268623,0.04972023059684834,0.23156325212202666,0.12085793547437751,-0.07261677224495901,0.5335814050721523,-0.4571447674327259,1.6677777777777774,-0.025900756337699577,3.855157218646048,-0.683600794456652,-0.4305526261193851,2.6896889901922894,106.66666666666667,0.11872022728678555,1.8802423023008379,47.50298888888889,0.35867438595412304,1.432191573658613,0.006202874192338849,1295,86.5,0.30620985010706636,0.11926605504587148,0.5892575305623657
58,240,S9,18.03.2022. ,44.86839948571429,20.327820971428572,,,0.21955959498805658,134.71428571428572,86.14285714285714,58.42857142857143,39.42857142857143,152.57142857142858,0.27894327653459505,8.139463964684387,0.4470405842230301,0.5893918601440525,1.7763416581187668,51.76635577815125,0.6394716382672975,1.7076940333569126,0.44660767340071894,0.05197983012366291,0.4175310714451866,0.6689581681315468,0.4466981120085527,0.371405099011899,1.6214655664453956,-0.1920127215474708,0.18187722431283732,0.9925711032441892,0.6523951957021675,-0.26423522470458,-0.47595881333897383,0.02779499111194162,0.2191770303314291,0.09765441426028669,-0.09263516544855492,0.5642571359921061,-0.4470405842230301,0.7814285714285708,-0.0366520987783033,3.8804508390781973,-0.6984104591950745,-0.44166347605144507,2.621465566445395,108.71428571428571,0.10745404621409928,1.5669843394742957,46.588471428571424,0.3714050990118987,1.4779446198799826,0.005605794512987596,0.21955959498805658,152.57142857142858,86.14285714285714,58.42857142857143,39.42857142857143,134.71428571428572,0.21955959498805702,6.938331267137197,0.39493813688391466,0.5464377301670847,1.5669843394742993,53.83208884220819,0.6097797974940286,1.9929641825093571,0.34235485889718514,-0.011178560809542366,0.32858923635365894,0.5908599106093464,0.3946074539294108,0.371405099011899,1.311502351495386,-0.1920127215474708,0.20681623653522543,0.990383667585721,0.5371159367478454,-0.26423522470458,-0.523162336977552,-0.035393572919020275,0.15816644076993755,0.03470800718522747,-0.15480921479812806,0.6410652866617418,-0.39493813688391466,0.7814285714285708,-0.0366520987783033,3.4203900425160874,-0.729203196798932,-0.4909832648504193,2.3115023514953856,108.71428571428571,0.10745404621409928,1.5669843394742957,46.588471428571424,0.3714050990118987,1.4779446198799826,0.005605794512987596,1218,119.5,0.21992238033635192,0.10680751173708926,0.44660767340071894
59,241,S4,18.03.2022. ,44.86844638333333,20.32787,,,0.16841194154789832,119.5,84.0,55.0,36.666666666666664,135.16666666666666,0.22802630339613184,7.049819092084967,0.4180787683596258,0.5682747405554038,1.600967539342677,52.07449258815438,0.6140131516980659,2.0090409118514927,0.343196276873418,-0.0052884821937718785,0.34125953937075376,0.6254315935923936,0.41771828571585884,0.39194222101021187,1.4471616907527787,-0.210003872939897,0.2200793121516278,0.990158793302927,0.5520052540746229,-0.28611151891514214,-0.5158593346456127,-0.0186017944209713,0.1869168169090094,0.051256396106560326,-0.13483505065130458,0.6311258000765875,-0.4180787683596258,-0.1266666666666675,-0.047884613592308445,3.747795781004342,-0.7243374005078058,-0.4643088023817656,2.4471616907527785,96.0,0.10722382105720896,1.415100629917485,47.34193333333334,0.3919422210102113,1.533456186688907,0.006515970966203449,0.16841194154789832,135.16666666666666,84.0,55.0,36.666666666666664,119.5,0.16841194154789893,5.8156026875849465,0.36550901061381763,0.5245360763152601,1.4151006299174889,54.04668308671583,0.5842059707739494,2.5696431065303615,0.24614580780956333,-0.06721226781416693,0.2520060283597587,0.5466606248436404,0.3651663537343679,0.39194222101021187,1.1618004208209884,-0.210003872939897,0.24970144462845675,0.9873514789641963,0.4258239597790247,-0.28611151891514214,-0.5597510301118271,-0.08043295847245888,0.12637462677060066,-0.010671282235859223,-0.19506625705176053,0.7152813437868003,-0.36550901061381763,-0.1266666666666675,-0.047884613592308445,3.3088104598670456,-0.7523956476671018,-0.5112310376999544,2.1618004208209887,96.0,0.10722382105720896,1.415100629917485,47.34193333333334,0.3919422210102113,1.533456186688907,0.006515970966203449,840,113.0,0.17444717444717445,0.10904872389791183,0.343196276873418
60,242,RGA4,18.03.2022. ,44.86850427500001,20.327913600000002,,,0.38834058751563677,169.5,74.75,58.75,37.25,181.0,0.41609320518359066,10.303510715547967,0.5098572969427724,0.6585284406676332,2.4338563800806368,40.45006357748757,0.7080466025917953,1.3563692268258458,0.7704227255532958,0.19469389222514827,0.622918400691161,0.7631930641826299,0.5095169999058009,0.3329404004850054,2.0818941123665673,-0.11850034623847494,0.08826227294435386,0.9954432300311798,0.8795828128069983,-0.16382687453099165,-0.3459212137932963,0.15151084755586675,0.3067058942223137,0.23572943522973583,0.02933625081990493,0.4129401427089288,-0.5098572969427724,6.875,0.024293632257488085,3.9123113707384642,-0.6088210571244204,-0.34593191833690984,3.0818941123665673,135.75,0.11069889835115901,2.2808420507791176,45.38997499999999,0.332940400485005,1.2706516011943023,0.003578631494342568,0.38834058751563677,181.0,74.75,58.75,37.25,169.5,0.3883405875156372,9.724730440698885,0.484977418822891,0.6394827265810447,2.280842050779122,41.404254025584194,0.6941702937578186,1.4029612237770959,0.7117630526644119,0.16275571779953402,0.5813179755855046,0.7258750850333426,0.48463749016569313,0.3329404004850054,1.8866284175399568,-0.11850034623847494,0.0945447453927385,0.9947898019534773,0.8366528689413988,-0.16382687453099165,-0.3744104715845858,0.11913476799810085,0.2765272288098375,0.2043242884633595,-0.0036021343069258978,0.4415032640565647,-0.484977418822891,6.875,0.024293632257488085,3.6625209159952226,-0.6289461045887357,-0.37462152929851505,2.886628417539957,135.75,0.11069889835115901,2.2808420507791176,45.38997499999999,0.332940400485005,1.2706516011943023,0.003578631494342568,3028,67.5,0.38792221084953943,0.11056511056511056,0.7704227255532958
61,243,RGA5,18.03.2022. ,44.868530324999995,20.32796235,,,0.3754549810838545,148.5,67.0,51.0,34.5,159.25,0.40529438662493805,9.572786972114345,0.5138743706614912,0.6415236179271722,2.3791616930863255,36.52368720635219,0.702647193312469,1.3616756426306993,0.757348194727699,0.19787245001403883,0.6066034850506122,0.7689726839650368,0.5134814353846346,0.31989883442932704,2.1170615509809885,-0.1361499517839923,0.10322349306952355,0.9945848992870526,0.8621841971054407,-0.19313725490196076,-0.3565190344898844,0.14669579233719493,0.29930510067323124,0.21898359957376357,0.019542171253138535,0.4244364621217851,-0.5138743706614912,3.825000000000001,0.0015455336398720713,4.10736482655831,-0.6161896388413383,-0.36931135278368765,3.1170615509809885,116.25,0.12128179521069576,2.2195980949197827,46.92325,0.3198988344293265,1.319476537954795,0.0047478622986135725,0.3754549810838545,159.25,67.0,51.0,34.5,148.5,0.3754549810838549,8.99024842586185,0.48756547753443213,0.6203429845806274,2.219598094919786,37.431676014659374,0.6877274905419275,1.4124188014039498,0.6933192825426553,0.16387752016036017,0.5618827730443807,0.7295096681968748,0.48717257663340907,0.31989883442932704,1.905559380943013,-0.1361499517839923,0.11106317247256844,0.9937591226628635,0.8152600257345886,-0.19313725490196076,-0.3866094964605662,0.11216942197266254,0.26700558562233373,0.18530578561335517,-0.015535122733678866,0.4556524012899852,-0.48756547753443213,3.825000000000001,0.0015455336398720713,3.825769257204498,-0.6373316117562932,-0.3991116796513477,2.905559380943013,116.25,0.12128179521069576,2.2195980949197827,46.92325,0.3198988344293265,1.319476537954795,0.0047478622986135725,3230,66.0,0.37819025522041766,0.12181303116147309,0.757348194727699
62,244,S5,18.03.2022. ,44.86851359999999,20.327938971428573,,,0.21232197805252942,121.42857142857143,78.71428571428571,52.714285714285715,35.857142857142854,134.14285714285714,0.2606889520764678,7.3285356356552995,0.4349653367655317,0.5790590534007205,1.713313764572078,47.90690465547517,0.630344476038234,1.811492889037646,0.4147337483971283,0.03296057488682778,0.39000969149659326,0.6505136462065996,0.43455174800714597,0.3746722025764323,1.544776439175024,-0.19627968991605213,0.19408610349224586,0.9902096450016092,0.6162518543403918,-0.2693243407243885,-0.49028844696186563,0.010261584285375264,0.20474151319703712,0.07948575442278434,-0.10949798359735231,0.5881700695849578,-0.4349653367655317,0.1428571428571426,-0.039956371647879636,3.7890600495599815,-0.7077249737394341,-0.4536134252932162,2.544776439175024,98.0,0.10428796376303466,1.5455867499234686,47.51968571428571,0.37467220257643186,1.49065523238872,0.006857472068149953,0.21232197805252942,134.14285714285714,78.71428571428571,52.714285714285715,35.857142857142854,121.42857142857143,0.21232197805252992,6.408919582481374,0.3924744452979568,0.543991018809476,1.5455867499234746,49.39655881622519,0.606160989026265,2.0946333107384723,0.3307554781315347,-0.01827508959144732,0.3175972482103048,0.5868379404664221,0.3920737520038646,0.3746722025764323,1.2955565673490201,-0.19627968991605213,0.21508974700945102,0.9879346942825206,0.5209192930377005,-0.2693243407243885,-0.5283147713096897,-0.04102120761632432,0.15510575564145865,0.028354228545401428,-0.15989076002963604,0.6516958101966324,-0.3924744452979568,0.1428571428571426,-0.039956371647879636,3.4178103273356624,-0.7324686702772444,-0.49349347692013273,2.29555656734902,98.0,0.10428796376303466,1.5455867499234686,47.51968571428571,0.37467220257643186,1.49065523238872,0.006857472068149953,1325,119.5,0.21341898643825843,0.10677083333333333,0.4147337483971283
63,245,S10,18.03.2022. ,44.86847008000001,20.32786448,,,0.2513607066754536,151.2,90.4,62.2,42.2,164.6,0.29092192205785156,8.58017243543939,0.45083670521959035,0.5914259959788779,1.8368589510700963,53.93624351258825,0.6454609610289258,1.6778665514592934,0.47781194830285967,0.0665614635531773,0.4355285262785718,0.6747682712089083,0.45051904873371224,0.3632855167264127,1.6569409591364646,-0.18379187564353802,0.172443764409622,0.9932755347152327,0.6713239889244317,-0.25420845624385446,-0.46416907009686803,0.03808733779198749,0.22351846274071088,0.10814443414827965,-0.08341850532260801,0.5517067147902037,-0.45083670521959035,1.2019999999999988,-0.03108298610411998,3.854568556644314,-0.690226325182681,-0.4372927530515532,2.6569409591364646,121.2,0.10965981529125753,1.688826829501172,45.92618,0.36328551672641235,1.4528787998273338,0.004987260180843188,0.2513607066754536,164.6,90.4,62.2,42.2,151.2,0.2513607066754543,7.74304196215503,0.41610863226838746,0.5627871705143505,1.6888268295011766,55.42712958281227,0.6256803533377271,1.852289857582526,0.40617029023418655,0.02410564131306231,0.37626288041670775,0.6227056007633572,0.41579723646259775,0.3632855167264127,1.4415142585183094,-0.18379187564353802,0.1883069304719134,0.9919999052029189,0.596289288319768,-0.25420845624385446,-0.496635354749878,-0.004446730139393516,0.18261031960790344,0.0658929100458054,-0.12543342675785119,0.6016965937702815,-0.41610863226838746,1.2019999999999988,-0.03108298610411998,3.540269863463626,-0.7116424321551882,-0.4708543414377604,2.4415142585183096,121.2,0.10965981529125753,1.688826829501172,45.92618,0.36328551672641235,1.4528787998273338,0.004987260180843188,1120,126.5,0.2516556291390728,0.11013215859030832,0.47781194830285967
64,246,BS15,18.03.2022. ,44.8684272,20.327822379999997,,,0.183143109052779,128.6,88.4,58.2,38.6,142.2,0.2320777356610364,7.306589242651603,0.4183711124003784,0.5721170421276336,1.6067638276171667,54.749676405477786,0.6160388678305182,1.9481486934876766,0.34984591252644465,-0.0030596523457639786,0.3473599792764103,0.6259797931939505,0.4180341298296074,0.39196002426196397,1.4420702499671088,-0.20638841850721565,0.21355458267365388,0.9911101510858078,0.562958661260431,-0.2803030019429688,-0.5138082809318901,-0.016231717877174985,0.18892444066234088,0.05519511015605187,-0.13236954481430557,0.6238622958879871,-0.4183711124003784,0.1780000000000001,-0.04404955936480446,3.7122187505413335,-0.7232095854519048,-0.462461686846237,2.4420702499671085,104.0,0.10517679975049517,1.452770966847784,46.84058,0.39196002426196364,1.5202759850259862,0.005947832705661957,0.183143109052779,142.2,88.4,58.2,38.6,128.6,0.18314310905277947,6.284203515318846,0.3751649389638959,0.5365994557247886,1.452770966847789,56.45661737621744,0.5915715545263897,2.3326021486101096,0.27034128179310096,-0.053966421724964006,0.2740842541279197,0.5612330535099407,0.37484127643516435,0.39196002426196397,1.20802753102595,-0.20638841850721565,0.23686321085761794,0.9890319426203409,0.4608866356588733,-0.2803030019429688,-0.5501135512779844,-0.06711186539010368,0.139186758092197,0.004214649838282843,-0.1820172058311528,0.691918013611612,-0.3751649389638959,0.1780000000000001,-0.04404955936480446,3.3564449645060797,-0.7464417885096754,-0.5014649826302019,2.2080275310259503,104.0,0.10517679975049517,1.452770966847784,46.84058,0.39196002426196364,1.5202759850259862,0.005947832705661957,3270,98.5,0.1852534562211981,0.10576096302665518,0.34984591252644465
65,247,BS20,18.03.2022. ,44.868371079999996,20.327766580000002,,,0.18218541516013662,136.2,93.6,61.6,42.8,151.6,0.23455707927186498,7.563474960493048,0.42058135970201677,0.559189689777014,1.6203422553751647,57.88975152784716,0.6172785396359325,1.9234317012237934,0.3658039481982371,0.009765620801496008,0.35112008708769243,0.6293870844906371,0.42026405640678915,0.37460115438779756,1.461035230244733,-0.20644818154044087,0.21330618098938475,0.991663935739818,0.5661462199323454,-0.28477694528145564,-0.5111714403131273,-0.013307236557698412,0.18351235644767985,0.0517059078644929,-0.1336016528038927,0.621795617500705,-0.42058135970201677,-1.0120000000000011,-0.05045869847552984,3.741778000503305,-0.721369500032919,-0.47473784305075784,2.461035230244733,111.2,0.10023532704036775,1.4540269277845739,46.41494,0.37460115438779723,1.5212548018188419,0.005602577156287082,0.18218541516013662,151.6,93.6,61.6,42.8,136.2,0.1821854151601369,6.42845039351927,0.37436120597462863,0.5202382953157431,1.4540269277845776,59.813139969251154,0.5910927075800685,2.3516828579829765,0.2775351557546864,-0.044856060022813664,0.27268925773584707,0.5601189769369307,0.3740571381758545,0.37460115438779756,1.2082594371452386,-0.20644818154044087,0.23841908669511175,0.9895603648478215,0.4568068276145468,-0.28477694528145564,-0.5501849111374012,-0.06782704437317177,0.13014032164044442,-0.002868951043864956,-0.18672292267979598,0.6946995306612108,-0.37436120597462863,-1.0120000000000011,-0.05045869847552984,3.3571465095197417,-0.7463833849895325,-0.5156741282302025,2.2082594371452386,111.2,0.10023532704036775,1.4540269277845739,46.41494,0.37460115438779723,1.5212548018188419,0.005602577156287082,1240,111.0,0.18537859007832896,0.1010509296685529,0.3658039481982371
66,248,S3,18.03.2022. ,44.868325320000004,20.32771228,,,0.3025225502733272,163.4,87.4,60.6,42.0,177.4,0.33900563263840927,9.466239681275031,0.49077849699443926,0.6167095687667309,2.0322254604037897,50.25301083684231,0.6695028163192046,1.5147943617039061,0.5818954618487202,0.12582869357698748,0.507548491887488,0.7346155084389415,0.49044687466406395,0.3507409917226177,1.9454818820998436,-0.18255825169910456,0.1520782255051774,0.9943880474312248,0.7573153246028111,-0.25563164615638556,-0.42259353572736325,0.09018159005125947,0.26696788803982774,0.15567851453604142,-0.03452945877851423,0.4944148004119011,-0.49077849699443926,0.8939999999999984,-0.03441249325411229,4.2781441176080754,-0.662430333764154,-0.4064662611580574,2.945481882099844,129.0,0.118148388607307,1.8718725397634102,46.124739999999996,0.35074099172261736,1.448496915296626,0.005187363765469065,0.3025225502733272,177.4,87.4,60.6,42.0,163.4,0.30252255027332764,8.701391563596777,0.45936886927344134,0.5908146904436108,1.8718725397634142,51.62475022721293,0.6512612751366638,1.6080843106764136,0.5103596006695424,0.08561763967057126,0.45287915882666974,0.6875093247245386,0.45903898164634843,0.3507409917226177,1.7127088212334116,-0.18255825169910456,0.16496880141381903,0.9934120419949805,0.6946322252543861,-0.25563164615638556,-0.4555989283735422,0.04965416640500332,0.2287625142311119,0.11568493334458148,-0.0751842789344798,0.5361479377623383,-0.45936886927344134,0.8939999999999984,-0.03441249325411229,3.9395359250694533,-0.6848063423490767,-0.4399730810725104,2.712708821233411,129.0,0.118148388607307,1.8718725397634102,46.124739999999996,0.35074099172261736,1.448496915296626,0.005187363765469065,1743,109.0,0.30303030303030304,0.11764705882352944,0.5818954618487202
67,249,S7,18.03.2022. ,44.86828296,20.32764342,,,0.18412240891088022,141.2,96.8,64.0,43.4,160.4,0.2447831442147547,7.922910235273392,0.4266822521924819,0.5722440939527463,1.6528492571895872,59.423062675026586,0.6223915721073773,1.8734014101465193,0.3803849768233513,0.01524664266046637,0.3664585026753746,0.6385866453902068,0.42637527283876453,0.3805939262609104,1.4940928383628052,-0.203080423338508,0.2055075685398824,0.9922384615345103,0.5872879030374425,-0.2779016807582476,-0.5035323301265258,-0.0040712547800040326,0.19495011251054634,0.064615458326694,-0.12280763312091972,0.6077226181624297,-0.4266822521924819,-0.22600000000000123,-0.044798225616671926,3.7707834547536754,-0.7164738579317781,-0.4621032607629959,2.4940928383628047,120.0,0.08221648296434596,1.45506687832554,46.0064,0.38059392626090977,1.511385302827004,0.005304562173798918,0.18412240891088022,160.4,96.8,64.0,43.4,141.2,0.1841224089108804,6.604590207138573,0.37324870226291074,0.5278804381406198,1.4550668783255432,61.76838663979307,0.5920612044554402,2.2749265197083033,0.2782524664373473,-0.0483107735547043,0.27560360227898933,0.5585012155129772,0.3729555472645278,0.3805939262609104,1.1958072655924972,-0.203080423338508,0.23337020073100204,0.9900029067778877,0.46353365210505404,-0.2779016807582476,-0.5495118181699572,-0.06759845613321236,0.13304043596413367,0.0010712203539605266,-0.18492167684479677,0.6902178008440578,-0.37324870226291074,-0.22600000000000123,-0.044798225616671926,3.3200689799314227,-0.7460745424047739,-0.5106867604398438,2.195807265592497,120.0,0.08221648296434596,1.45506687832554,46.0064,0.38059392626090977,1.511385302827004,0.005304562173798918,580,111.5,0.18655462184873947,0.08116385911179169,0.3803849768233513
68,250,BS13,18.03.2022. ,44.86824434,20.32759196,,,0.39342369230443797,173.4,75.4,57.0,36.0,187.6,0.4267253796619509,10.574842299365248,0.5334999305981666,0.6772884379139599,2.509266948315343,40.463468357672724,0.7133626898309755,1.3600274713929574,0.7660300148176219,0.20515455213359868,0.6388704058300453,0.7986148838511863,0.5331506416312759,0.35164024299342966,2.29235802668533,-0.13708579680831265,0.09888910913750602,0.9956833869972209,0.8941799726845767,-0.18815667212691942,-0.33334863707863144,0.17249777845146014,0.3364543954035775,0.2548226978482,0.0538527139431586,0.40323847957785774,-0.5334999305981666,5.633999999999999,0.012346913390822695,4.346608260919825,-0.5995266726149627,-0.3149702353597804,3.29235802668533,134.2,0.1273731740016804,2.321828294956634,45.93849999999999,0.3516402429934292,1.322499334511766,0.004196946461227842,0.39342369230443797,187.6,75.4,57.0,36.0,173.4,0.3934236923044385,9.869467212714651,0.504315566733258,0.6549582221607173,2.3218282949566396,41.62676866336879,0.6967118461522193,1.4191990138596025,0.6964994290178391,0.1667389057413596,0.5889502810818579,0.7548328086788617,0.503965066001749,0.35164024299342966,2.0430226176269137,-0.13708579680831265,0.10768088005493585,0.9949125287306908,0.8427177008795244,-0.18815667212691942,-0.3678172652714601,0.1336370880247728,0.30061863964168306,0.2171822856572861,0.01418533006775402,0.43748053840526924,-0.504315566733258,5.633999999999999,0.012346913390822695,4.012901568853299,-0.6239839370179692,-0.3500979070733751,3.0430226176269146,134.2,0.1273731740016804,2.321828294956634,45.93849999999999,0.3516402429934292,1.322499334511766,0.004196946461227842,3480,105.0,0.39389067524115756,0.1274382314694409,0.7660300148176219
69,251,BS17,18.03.2022. ,44.868215119999995,20.327546060000003,,,0.23842092783933527,146.8,90.4,61.0,40.8,163.6,0.28875236564677553,8.488003251822558,0.4561387812681005,0.5999575753783664,1.8356684047922975,54.11555863481897,0.6443761828233878,1.760062852024165,0.46420987339207115,0.060554083258248424,0.4322755673442056,0.6826895188440275,0.45581431186361804,0.3771031529068708,1.6985107324396833,-0.1923464337213289,0.18180704358582087,0.9931541531336976,0.6641605846914562,-0.2636991201944473,-0.46491470888749664,0.03972407532557019,0.23262541136346665,0.11115126011310936,-0.07898171175974178,0.5564936573023791,-0.4561387812681005,0.8560000000000016,-0.03499742742247981,3.988301739748728,-0.6905662252679899,-0.42539996700822424,2.6985107324396833,117.4,0.11118092153215371,1.647499729568414,46.24660000000001,0.3771031529068704,1.4810127579789838,0.0052829549514476545,0.23842092783933527,163.6,90.4,61.0,40.8,146.8,0.2384209278393355,7.398590649401022,0.4119753886093542,0.5640552381288992,1.6474997295684166,55.995089753495826,0.6192104639196677,2.0992015856546145,0.3751930616982514,0.0065710755849531345,0.3568765917842804,0.6164821142120154,0.411658932584122,0.3771031529068708,1.4232290248691863,-0.1923464337213289,0.2027394548089792,0.9914775173680519,0.5674668133512759,-0.2636991201944473,-0.5061301803037902,-0.014343476553115426,0.18071286136171352,0.057494575807240454,-0.13241851264208504,0.6209252049414535,-0.4119753886093542,0.8560000000000016,-0.03499742742247981,3.5832049153585253,-0.7177655785364212,-0.46864300556184724,2.423229024869186,117.4,0.11118092153215371,1.647499729568414,46.24660000000001,0.3771031529068704,1.4810127579789838,0.0052829549514476545,853,106.0,0.23777403035413155,0.11127933383800151,0.46420987339207115
70,252,RGA5,18.03.2022. ,44.86817538,20.3274863,,,0.333922822096875,170.8,85.0,62.2,41.4,183.6,0.3660278043635682,9.906887369665714,0.4933945746768761,0.631727695928622,2.1590541182460856,47.840440172646645,0.683013902181784,1.448653544849197,0.6403913289642225,0.1465453026157867,0.5480158555121062,0.738576515727787,0.4930708457391032,0.34549752900616587,1.949012605477089,-0.15519651310779153,0.12526471215676716,0.9948823886391578,0.8021595047011086,-0.21578723609627354,-0.3972036846261735,0.10913076961387214,0.2780555294468342,0.18367973379252941,-0.014176800934856256,0.46454132508457013,-0.4933945746768761,3.7959999999999985,-0.008136668544876748,4.032371837656037,-0.6450158971503994,-0.38566823166638536,2.9490126054770895,135.2,0.11614675537012879,2.01036554886662,45.41008,0.34549752900616537,1.368284901905716,0.0043631624537947816,0.333922822096875,183.6,85.0,62.2,41.4,170.8,0.3339228220968752,9.23158034026131,0.4652143262441958,0.6091689293243281,2.0103655488666248,49.04266663130659,0.6669614110484376,1.5214728513292342,0.5763065680752769,0.11071734968950983,0.4999034568780541,0.6963153240924397,0.4648925338758395,0.34549752900616587,1.7446172724873061,-0.15519651310779153,0.13507055063359788,0.9940583256647276,0.7484644854773341,-0.21578723609627354,-0.42713660148748245,0.07302370344181656,0.24405147327729196,0.14822804470120082,-0.050477134772932274,0.5002849966321434,-0.4652143262441958,3.7959999999999985,-0.008136668544876748,3.7510955495257905,-0.6654980984738081,-0.4160133025476395,2.744617272487306,135.2,0.11614675537012879,2.01036554886662,45.41008,0.34549752900616537,1.368284901905716,0.0043631624537947816,3696,71.0,0.3354182955433933,0.11633986928104582,0.6403913289642225
71,253,RGA1,18.03.2022. ,44.86816665,20.327427375,,,0.26725630042000026,160.0,92.5,65.25,42.75,175.0,0.3084590780074937,9.075633198824306,0.45687163193471014,0.6072497025327214,1.895994368047056,54.42095277404574,0.6542295390037468,1.6096454909060496,0.5048182695832439,0.07797521373546554,0.4618250359084433,0.6838833146660313,0.456567386704664,0.3674697556170835,1.6865342911358092,-0.1727360577992119,0.15605290326216714,0.9939628105378514,0.7053236698373748,-0.23701978945469784,-0.4504664877113014,0.05207511325107411,0.23679192930559123,0.1281883121604344,-0.06770318315774976,0.5290722011302561,-0.45687163193471014,3.0974999999999984,-0.018046501416887635,3.8087925834164236,-0.6813748215022575,-0.41906211554886885,2.686534291135809,129.75,0.10422675083318737,1.7340868784392225,45.221199999999996,0.3674697556170827,1.4180559320502373,0.004523738708599842,0.26725630042000026,175.0,92.5,65.25,42.75,160.0,0.2672563004200006,8.202692607435054,0.4205745341614907,0.5780862288190254,1.7340868784392274,56.021129350143035,0.6336281502100003,1.7511433167847206,0.42913610921122247,0.03326024516851024,0.4000921977415377,0.6294639595207541,0.4202758776696469,0.3674697556170835,1.456816059757236,-0.1727360577992119,0.1708433629019876,0.9927699519293671,0.6302591098483815,-0.23701978945469784,-0.485403077610574,0.007251740122844814,0.19396836276232482,0.08380832036355293,-0.1121829899158522,0.5790673707267938,-0.4205745341614907,3.0974999999999984,-0.018046501416887635,3.4826882972248567,-0.7045958290093896,-0.4553113719230895,2.4568160597572364,129.75,0.10422675083318737,1.7340868784392225,45.221199999999996,0.3674697556170827,1.4180559320502373,0.004523738708599842,3552,71.0,0.26732673267326734,0.10440034512510785,0.5048182695832439
72,254,BS15,18.03.2022. ,44.868195379999996,20.327451520000004,,,0.1492161940932922,146.2,108.0,70.0,46.2,164.0,0.20572678032496122,7.47696220819102,0.4018793272811679,0.560527220598886,1.5184649802378822,68.05800339534183,0.6028633901624806,2.108644798915735,0.3001274011953375,-0.03257130901901534,0.3080229342820603,0.6015297255224175,0.4016038824035344,0.4011559206962684,1.3525969243835505,-0.21417727676077022,0.23146548714987794,0.9919702782420963,0.5106508711547286,-0.28959572118702553,-0.5341432099763249,-0.04088571369945822,0.17082954100790404,0.030750977394366958,-0.15497877914177652,0.6588787973953473,-0.4018793272811679,-0.30200000000000243,-0.049020444349878255,3.6548881577421044,-0.736356838303041,-0.4754405141783469,2.3525969243835503,120.4,0.09684889926411036,1.351639246045528,45.313599999999994,0.401155920696268,1.547862968564554,0.005088608721453446,0.1492161940932922,164.0,108.0,70.0,46.2,146.2,0.14921619409329256,6.157028536923314,0.3519520497186464,0.5192684941500414,1.3516392460455335,70.40613936892235,0.5746080970466462,2.6558320764203116,0.2118254145070407,-0.09064187642029094,0.223385906449073,0.5267050907666626,0.35169073274519264,0.4011559206962684,1.0927690027307073,-0.21417727676077022,0.260534315935961,0.9898310292701605,0.38802557171800184,-0.28959572118702553,-0.5744768863655271,-0.09890869650124089,0.1137384026438308,-0.02757135917119317,-0.21133585813867528,0.740659567424806,-0.3519520497186464,-0.30200000000000243,-0.049020444349878255,3.2491927336755495,-0.761888228948781,-0.519357709862692,2.0927690027307073,120.4,0.09684889926411036,1.351639246045528,45.313599999999994,0.401155920696268,1.547862968564554,0.005088608721453446,2075,87.5,0.15027537372147912,0.09677419354838702,0.3001274011953375
73,255,BS20,18.03.2022. ,44.86824588,20.3275143,,,0.18827872530607176,145.8,99.4,64.0,42.0,160.2,0.23363368297675083,7.770864392852273,0.42839447312422,0.5840223645305683,1.6147444183611,61.5520001232793,0.6168168414883753,1.9779474342928658,0.344403471916266,-0.0042770845406252395,0.34977805326463407,0.6411631150280943,0.4280892445142494,0.40582245696998936,1.512959176928307,-0.21689908878375172,0.22132752360203342,0.9922162280959992,0.5652089777668846,-0.29234637863292984,-0.5122237323906182,-0.010109111472311857,0.20302242620515565,0.06189827506019909,-0.12379923107195837,0.6224653553074605,-0.42839447312422,-0.38599999999999995,-0.05010270168695171,3.9143797867809154,-0.722114774047087,-0.4477734575174724,2.5129591769283066,117.2,0.10865516108612841,1.47036877733431,46.205799999999996,0.40582245696998864,1.5548763461845119,0.00558991461037802,0.18827872530607176,160.2,99.4,64.0,42.0,145.8,0.18827872530607248,6.760140023308226,0.3888456459107559,0.5517026839352652,1.4703687773343146,63.34980985719535,0.5941393626530362,2.3292825067834917,0.271701335926713,-0.05154651287890577,0.28184580914285096,0.5818837415141604,0.3885497591449768,0.40582245696998936,1.28733259781085,-0.21689908878375172,0.24380555016865907,0.9905652678607973,0.4711530762086352,-0.29234637863292984,-0.5460972045172316,-0.057373847344839066,0.1571353735869865,0.014594916513646927,-0.17004693531946635,0.6851708633789152,-0.3888456459107559,-0.38599999999999995,-0.05010270168695171,3.5614571582874035,-0.743834985109306,-0.48463034046238895,2.28733259781085,117.2,0.10865516108612841,1.47036877733431,46.205799999999996,0.40582245696998864,1.5548763461845119,0.00558991461037802,718,116.0,0.18923327895595432,0.10874524714828901,0.344403471916266
74,256,S5,18.03.2022. ,44.86829527333332,20.327584653333336,,,0.18737556617373133,139.0,95.06666666666666,63.733333333333334,42.8,152.26666666666668,0.23101102276975727,7.54871744202465,0.4097279836956679,0.5607549668783351,1.6031142347023086,58.958719071371085,0.6155055113848785,1.9305684203173166,0.35669777558642857,-0.000646765426923929,0.34581687793094673,0.6131700682039499,0.40942416446637186,0.3788799326331651,1.393775105914366,-0.1975535005346883,0.2061257668709662,0.9917859207146371,0.5609239060823247,-0.27069017387985256,-0.5146393822496266,-0.021055415227496314,0.17646920662902715,0.04932420670621933,-0.13952374465744127,0.6252818604122111,-0.4097279836956679,0.5493333333333322,-0.039634504617650126,3.5777893866110277,-0.7237492877630564,-0.47497368898646886,2.3937751059143655,111.13333333333334,0.111571842718996,1.4628756424232578,45.91106,0.37887993263316455,1.4932206107039137,0.005200670607374555,0.18737556617373133,152.26666666666668,95.06666666666666,63.733333333333334,42.8,139.0,0.18737556617373177,6.611442285000918,0.371072021386636,0.5286022430545116,1.4628756424232627,60.602299535789896,0.5936877830868658,2.2160876137244245,0.2830406990076766,-0.04626301827890706,0.2804639292597645,0.5552359056532986,0.3707788083164359,0.3788799326331651,1.1844027893137152,-0.1975535005346883,0.2258017369538775,0.9901474184105238,0.47138986341113137,-0.27069017387985256,-0.5474524386600957,-0.06662331081855001,0.13190480518159314,0.003701701957103751,-0.18398981306235923,0.6849653092637868,-0.371072021386636,0.5493333333333322,-0.039634504617650126,3.264934416482648,-0.7448176817201138,-0.5095016956597184,2.184402789313715,111.13333333333334,0.111571842718996,1.4628756424232578,45.91106,0.37887993263316455,1.4932206107039137,0.005200670607374555,446,109.5,0.18769581315864428,0.11140724946695094,0.35669777558642857
75,257,S10,18.03.2022. ,44.86832854,20.32763966,,,0.1763282899301804,136.8,95.6,63.0,42.4,150.8,0.22317184809946533,7.383387362795943,0.4102511431766961,0.5605007258542077,1.582837573016216,59.62015925162656,0.6115859240497328,2.0160389239199232,0.3417306948121967,-0.008478946315721738,0.3340777004593291,0.6139302353069112,0.40994206265024646,0.3853688066325926,1.4031212437743785,-0.20610282081862713,0.2180117893241671,0.9914730263320047,0.5432817970117003,-0.2815905387600221,-0.5198732223274446,-0.025403636364928338,0.17680075950406765,0.043704105132208,-0.14283910149615758,0.6370490128716729,-0.4102511431766961,-0.14800000000000182,-0.04619432549905458,3.652703084765892,-0.7269782123115055,-0.4751488427700895,2.4031212437743785,112.0,0.0997116778720647,1.4364690272036658,46.1682,0.385368806632592,1.520204210094156,0.00549795426523932,0.1763282899301804,150.8,95.6,63.0,42.4,136.8,0.17632828993018082,6.351366158917886,0.3688475943532123,0.5259972223644824,1.436469027203672,61.39501936722023,0.5881641449650905,2.406216139270242,0.2648488129119417,-0.057113746876951796,0.2639236214770669,0.5518801530075887,0.3685502839681361,0.3853688066325926,1.1802257172087305,-0.20610282081862713,0.24065074602604244,0.9896297165205812,0.44465136833526514,-0.2815905387600221,-0.5544333394072962,-0.07400706086894038,0.12914517657192076,-0.00503007181894667,-0.19019437566368552,0.7028135396882431,-0.3688475943532123,-0.14800000000000182,-0.04619432549905458,3.312896378020202,-0.7490744550701982,-0.5119262818222736,2.1802257172087303,112.0,0.0997116778720647,1.4364690272036658,46.1682,0.385368806632592,1.520204210094156,0.00549795426523932,583,105.5,0.17728055077452676,0.09967845659163992,0.3417306948121967
76,258,BS11,18.03.2022. ,44.868373139999996,20.327707399999998,,,0.31638684775857484,179.6,92.6,69.6,45.4,194.4,0.3520330587871142,10.044239562604051,0.4721350081415615,0.6200821526743251,2.0995141898282816,52.6803711489488,0.6760165293935572,1.486370992040666,0.619526457689805,0.12706920908025035,0.5271342183483841,0.7068532555277749,0.4718467895903416,0.34311972554673714,1.792088661015261,-0.14319309971924238,0.12216815231080255,0.9949606319466809,0.7776988446846953,-0.19849306924897658,-0.4096098468113432,0.08830653691966164,0.2556524026032111,0.16745323033094703,-0.03451482440102939,0.4808902287105372,-0.4721350081415615,5.791999999999999,0.0029508007466132703,3.7358690311868488,-0.6533810519728049,-0.40011938839126265,2.792088661015261,146.8,0.10103372757565336,1.93961155497021,44.002140000000004,0.3431197255467366,1.3392900093840558,0.0036697158126755376,0.31638684775857484,194.4,92.6,69.6,45.4,179.6,0.3163868477585753,9.267121145411606,0.44031187694766133,0.5946111725323778,1.9396115549702138,54.10538464762925,0.6581934238792877,1.5812573714701375,0.5486243501740109,0.08750223074015492,0.4737148942664107,0.6591351850007443,0.440027187464578,0.34311972554673714,1.578548361609085,-0.14319309971924238,0.13269043982871204,0.994060649400095,0.7165877345786019,-0.19849306924897658,-0.4421655811042727,0.04845459496979965,0.21777673908632197,0.12828412332426903,-0.07437608885785162,0.5215821335305278,-0.44031187694766133,5.791999999999999,0.0029508007466132703,3.448618329027167,-0.6755451582763781,-0.4329617621703278,2.578548361609085,146.8,0.10103372757565336,1.93961155497021,44.002140000000004,0.3431197255467366,1.3392900093840558,0.0036697158126755376,2720,70.5,0.319617927994122,0.10049019607843132,0.619526457689805
77,259,BS20,18.03.2022. ,44.86839878,20.32774396,,,0.141417393073906,144.4,108.6,71.0,47.0,162.0,0.19752463626880845,7.300261782407091,0.3909903724208412,0.550531835236465,1.492960035133948,68.80561902792886,0.5987623181344043,2.158285907640747,0.28946849876148173,-0.04026855046738763,0.2957369935796819,0.5852212788572502,0.3907202612626705,0.396246979837346,1.2890855740074163,-0.20980911793603552,0.23204201929204754,0.9917180383328044,0.49350250049308036,-0.28441164786682027,-0.540190925010321,-0.051178133169818917,0.1576535270513446,0.02046102376596802,-0.16584541734969105,0.6703126749957616,-0.3909903724208412,-0.023999999999999487,-0.04617853665465118,3.5174312544565196,-0.7402178580829226,-0.4864119328287411,2.2890855740074167,120.8,0.0896451685231417,1.3304808959156742,45.0914,0.3962469798373456,1.53311355833904,0.004939443444722096,0.141417393073906,162.0,108.6,71.0,47.0,144.4,0.14141739307390627,5.9639428708523194,0.3410153945949114,0.5091308590576719,1.3304808959156786,71.16364259545459,0.5707086965369531,2.769942959220805,0.2020475702225386,-0.09769960031525016,0.21170538613713882,0.5103300411815461,0.3407604703007865,0.396246979837346,1.0392440867857335,-0.20980911793603552,0.26076540190901626,0.989558324947366,0.37001229467715646,-0.28441164786682027,-0.5797546241501765,-0.10853966446341497,0.10090412659827475,-0.037274348901298694,-0.22141699320122923,0.7526801963956233,-0.3410153945949114,-0.023999999999999487,-0.04617853665465118,3.1325149398600303,-0.765183420471812,-0.529355406374066,2.0392440867857333,120.8,0.0896451685231417,1.3304808959156742,45.0914,0.3962469798373456,1.53311355833904,0.004939443444722096,1235,122.5,0.14150197628458502,0.08898944193061843,0.28946849876148173
78,260,S1,18.03.2022. ,44.86844872,20.327785999999996,,,0.1859483535458278,139.8,96.0,62.2,43.2,153.8,0.23187029747227822,7.590538047149687,0.42458325898762245,0.5614207975940894,1.606743072428189,59.53802760567876,0.6159351487361391,1.928795644601927,0.35848333745797056,0.007071268355900828,0.3471061990984964,0.6353955088376649,0.4242671563618095,0.37867430898653687,1.4775570200943335,-0.2136228336991884,0.22023897512965157,0.9918820776566465,0.5624394932484849,-0.29396274835441355,-0.5138781114311725,-0.013472076793476062,0.18709954833796744,0.05023154673547529,-0.13349499137758186,0.6242771577181763,-0.42458325898762245,-1.5919999999999994,-0.05643432128174618,3.8255161724052846,-0.7232370091715133,-0.4748090344871101,2.4775570200943333,113.2,0.10535361291840392,1.459102052653244,46.46608,0.37867430898653665,1.544583898688374,0.005701418103893759,0.1859483535458278,153.8,96.0,62.2,43.2,139.8,0.18594835354582812,6.6004138027451145,0.38442634351297966,0.5275963044078659,1.4591020526532488,61.275274007261,0.5929741767729141,2.2356307956307955,0.28119255015516303,-0.040949332211184214,0.27832850321785574,0.5752064758033343,0.3841201078747165,0.37867430898653687,1.2498352393874783,-0.2136228336991884,0.24243769972185264,0.9901593657195707,0.46811443907903777,-0.29396274835441355,-0.5484075523678251,-0.061461813443356585,0.14032921145730662,0.0022140866119361273,-0.18038167333676763,0.687154626768723,-0.38442634351297966,-1.5919999999999994,-0.05643432128174618,3.4738157416373987,-0.7454106742566594,-0.5111791829157797,2.2498352393874783,113.2,0.10535361291840392,1.459102052653244,46.46608,0.37867430898653665,1.544583898688374,0.005701418103893759,1400,123.5,0.18575063613231557,0.10513833992094865,0.35848333745797056
79,261,S10,18.03.2022. ,44.86849764,20.32784408,,,0.1410678302161428,131.2,98.4,63.0,44.4,150.6,0.20905425986372114,7.208887489359201,0.4092488763660483,0.5448083398083398,1.5289930362244835,61.86101200712933,0.6045271299318606,2.0415151515151515,0.3178504352548908,-0.014838378177034556,0.3129482239490789,0.6124284488436502,0.4089401390961333,0.3790634952586027,1.3881876189081073,-0.21902687796840548,0.23490079960639182,0.9912369698635757,0.517426965621381,-0.3019756506472361,-0.5316639372301392,-0.03534622629039796,0.16702866163212937,0.026285801608668745,-0.15534227528406414,0.6542891726048,-0.4092488763660483,-2.460000000000002,-0.061911104378124526,3.7324887508572906,-0.7347693121967271,-0.49274104085358195,2.3881876189081073,108.0,0.09619359011452419,1.3299003185162,46.4794,0.379063495258602,1.5614881281784139,0.00574284330740156,0.1410678302161428,150.6,98.4,63.0,44.4,131.2,0.14106783021614322,5.682787869565761,0.34909321454628917,0.49349127528468506,1.3299003185162037,64.4319976661635,0.5705339151080716,2.7268254518960555,0.207658576428943,-0.08471091065268363,0.21114220621304974,0.5222866302967825,0.34880401900140073,0.3790634952586027,1.0780125979296424,-0.21902687796840548,0.27028196742499777,0.9883416189712284,0.36886072385030644,-0.3019756506472361,-0.5799325563812819,-0.10503095367976283,0.09815310420808863,-0.043767730662118955,-0.22281236280370492,0.753384591209609,-0.34909321454628917,-2.460000000000002,-0.061911104378124526,3.24896211111279,-0.7652853310476951,-0.5437954550505169,2.0780125979296424,108.0,0.09619359011452419,1.3299003185162,46.4794,0.379063495258602,1.5614881281784139,0.00574284330740156,1260,104.0,0.1428571428571428,0.09698996655518391,0.3178504352548908
80,262,RGA1,18.03.2022. ,44.868532380000005,20.327902639999998,,,0.2627544497844676,175.6,101.8,73.0,48.6,189.0,0.2980650653253393,9.303961588063153,0.44333447076183174,0.5905764739384429,1.854550479321538,60.272524370768636,0.6490325326626696,1.6292488339262448,0.49845542801136544,0.07117072502259429,0.44632949256585536,0.6637186978703767,0.4430603981513765,0.3547112087390489,1.5998192708272996,-0.16722973491117613,0.1555302251303176,0.9941871161662643,0.6865958149635423,-0.23191086268462838,-0.4593494853749478,0.03813714778505156,0.21717065510254857,0.1123330803531986,-0.08419337663349206,0.5416079873459462,-0.44333447076183174,3.6519999999999997,-0.017316016683312063,3.666865110017176,-0.6872950168980412,-0.44016484528147515,2.5998192708272994,144.6,0.09754132446942514,1.722321848519952,43.915,0.3547112087390484,1.4066998185211923,0.004049156645658889,0.2627544497844676,189.0,101.8,73.0,48.6,175.6,0.2627544497844682,8.525340965553116,0.41212699189449936,0.5649969517063844,1.7223218485199574,61.74697136075696,0.6313772248922341,1.7712046018497631,0.43396123318222085,0.03321228641592881,0.39342558374697456,0.6169330107500691,0.4118583522329889,0.3547112087390489,1.4109835769519874,-0.16722973491117613,0.16887637339100683,0.9931612364627143,0.6203068594208265,-0.23191086268462838,-0.48842908362978,9.618175977792743e-05,0.18053236529122868,0.07454672140862295,-0.12176069542898782,0.5857709551667825,-0.41212699189449936,3.6519999999999997,-0.017316016683312063,3.3958257612427176,-0.7064657176655993,-0.47012545045566456,2.4109835769519874,144.6,0.09754132446942514,1.722321848519952,43.915,0.3547112087390484,1.4066998185211923,0.004049156645658889,4330,66.0,0.26604181687094447,0.09681449094316052,0.49845542801136544
81,263,RGA2,18.03.2022. ,44.86856152,20.32791116,,,0.2875583631236916,155.6,86.2,61.4,40.6,167.6,0.3212766964187617,9.014891559044928,0.4634592586976739,0.6103591011234761,1.9505151297396928,50.26081657904236,0.6606383482093808,1.5638616598386714,0.5360665549983811,0.09377449674319932,0.4809619864582254,0.6936703284645607,0.4631348157191484,0.35972977039930976,1.7287703884927574,-0.16680203955109793,0.1475183314983245,0.9938608882398856,0.7275765953140093,-0.23011113401859826,-0.43907748239836975,0.06366024634484539,0.24336376575538696,0.13933440116473167,-0.057506483784263075,0.5142005039544033,-0.4634592586976739,3.016000000000001,-0.014850447130994163,3.826101536721244,-0.6736999847446115,-0.41442825113715187,2.728770388492758,121.0,0.1253671281744366,1.8100770858428077,45.737159999999996,0.3597297703993094,1.4022251891712458,0.0046441903047524154,0.2875583631236916,167.6,86.2,61.4,40.6,155.6,0.287558363123692,8.323442015628611,0.433697363169648,0.5864579406134764,1.8100770858428112,51.48737254071172,0.643779181561846,1.660944835391088,0.47180524649615085,0.05678345830859024,0.4304417703789284,0.649046809785713,0.433377022563907,0.35972977039930976,1.5334362338407819,-0.16680203955109793,0.15870271468648386,0.9928802890591774,0.6680992580161291,-0.23011113401859826,-0.4686647935709717,0.02652333626931111,0.20802807200480644,0.10268515396574589,-0.09450488123205995,0.5538029158374307,-0.433697363169648,3.016000000000001,-0.014850447130994163,3.553760547314346,-0.6935660150518016,-0.44474222920166345,2.533436233840782,121.0,0.1253671281744366,1.8100770858428077,45.737159999999996,0.3597297703993094,1.4022251891712458,0.0046441903047524154,3713,61.5,0.2870140612076095,0.12509038322487342,0.5360665549983811
82,264,S8,18.03.2022. ,44.86852392,20.32787768,,,0.16417146606944183,140.8,100.8,63.8,42.8,159.0,0.22350197322775506,7.606893631637126,0.42634450090971826,0.5750931207478391,1.578912120360717,62.81617943035815,0.6117509866138775,2.0211649407507317,0.3280597082233074,-0.010983042364290593,0.3346087896126341,0.6380843873554796,0.4260384626581154,0.4037220369406599,1.4917203298025998,-0.22427144711835356,0.23294772240334685,0.9919845145262064,0.5456533724786683,-0.30320997086634743,-0.520299390210311,-0.017897266545682456,0.1963790221621547,0.05041030960819465,-0.13260590511017312,0.6355043057058479,-0.42634450090971826,-1.6200000000000003,-0.05858864668302055,3.9369945027382522,-0.727384553009528,-0.4582545325383342,2.4917203298026,115.8,0.09647722438467703,1.3979806127479961,46.41572000000001,0.40372203694065945,1.57936627347135,0.005739245497185469,0.16417146606944183,159.0,100.8,63.8,42.8,140.8,0.16417146606944238,6.258548408801341,0.37443574065342816,0.5321136707559605,1.3979806127480006,65.16050422785426,0.5820857330347211,2.6028169443647147,0.2342693124015119,-0.07234153214114059,0.24575120185517002,0.5602861733408631,0.3741435349973345,0.4037220369406599,1.2062349542609532,-0.22427144711835356,0.26387930139193877,0.9896873602151333,0.41899771842600975,-0.30320997086634743,-0.5634562480525925,-0.07921596159895525,0.1364500562499126,-0.011079332236585606,-0.19236015791678732,0.7199666276591747,-0.37443574065342816,-1.6200000000000003,-0.05858864668302055,3.486020852837438,-0.7548598644941331,-0.5051682362439407,2.206234954260953,115.8,0.09647722438467703,1.3979806127479961,46.41572000000001,0.40372203694065945,1.57936627347135,0.005739245497185469,2379,107.5,0.1655629139072848,0.09742790335151992,0.3280597082233074
83,265,S3,18.03.2022. ,44.86848144,20.32781588,,,0.1609211449413954,131.2,94.6,62.4,42.0,145.0,0.20966446648345008,7.070923123558986,0.3998036508394949,0.5523729596199918,1.533958876277156,59.47180887009982,0.6048322332417251,2.0793486869759668,0.3158231842544261,-0.02375494158867419,0.3138396162890459,0.5982420496822313,0.3994909284829601,0.3877964882387112,1.3400283735384702,-0.2076130141768177,0.22488901997971156,0.9909072750377543,0.5174078492418406,-0.28251767323231675,-0.5307754619269328,-0.03933434660442491,0.16511904294542182,0.030134986730485768,-0.15601093540355787,0.6542803358865414,-0.3998036508394949,-0.11399999999999935,-0.04708849515113475,3.5834883386198926,-0.7341228077865601,-0.4835900303981829,2.34002837353847,108.4,0.09571861989382012,1.3861746058357638,46.24516,0.387796488238711,1.5275839709017902,0.005677835907367232,0.1609211449413954,145.0,94.6,62.4,42.0,131.2,0.16092114494139567,6.012518655681408,0.35671586723809706,0.5163670433460157,1.38617460583577,61.25692585689118,0.5804605724706977,2.5016368016368014,0.2368556877091505,-0.0741477479520614,0.24084796330144836,0.5336723954182181,0.35641636048860537,0.3877964882387112,1.1127070111626742,-0.2076130141768177,0.24914185320779875,0.9888687076585349,0.4133261628296384,-0.28251767323231675,-0.5661279093063839,-0.08964763662622086,0.11568418319069196,-0.02036252372139903,-0.20491261740670946,0.7236878696497376,-0.35671586723809706,-0.11399999999999935,-0.04708849515113475,3.232690619881488,-0.7566033240397358,-0.5213630725625886,2.1127070111626742,108.4,0.09571861989382012,1.3861746058357638,46.24516,0.387796488238711,1.5275839709017902,0.005677835907367232,2350,107.0,0.16209034543844109,0.09515859766277121,0.3158231842544261
84,266,BS18,18.03.2022. ,44.86844239999999,20.327764179999996,,,0.17096006568697517,136.2,96.4,66.0,41.6,153.2,0.22787684564715174,7.523977401098985,0.39797846951538446,0.5720696821800149,1.5923532603397779,59.92741767936783,0.6139384228235758,1.975914366837618,0.34058684240158615,-0.017799274556148954,0.34112660612399415,0.5956001560247712,0.3976862679561632,0.39571029506940636,1.323675238390068,-0.18700657080158542,0.1986092331242606,0.9917681408452415,0.5548035675711217,-0.2517074321027809,-0.5170960345216045,-0.02879721769127882,0.17451756281082526,0.05208499220719559,-0.14217459687155007,0.6293665275943902,-0.39797846951538446,3.0279999999999996,-0.022606874606874605,3.393334115732441,-0.7253437904064384,-0.4623372311630575,2.323675238390068,111.6,0.09926455833601894,1.414371322508828,45.3221,0.3957102950694058,1.4606927492634278,0.004805789412526367,0.17096006568697517,153.2,96.4,66.0,41.6,136.2,0.17096006568697558,6.285894974110159,0.3468734487095143,0.5307142385593532,1.4143713225088315,62.078434638034835,0.5854800328434878,2.4122685379136994,0.2482313556115065,-0.07692444218706536,0.25588633269301264,0.5190184002448679,0.3465974010973746,0.39571029506940636,1.0644102811514582,-0.18700657080158542,0.22353049316234547,0.989552475384387,0.43580693038603274,-0.2517074321027809,-0.559175738384449,-0.08786312505950417,0.11646434744457171,-0.007159016422950294,-0.1996945947820583,0.7087030596842523,-0.3468734487095143,3.0279999999999996,-0.022606874606874605,3.015382958482205,-0.7522396279189416,-0.5075515664921009,2.064410281151458,111.6,0.09926455833601894,1.414371322508828,45.3221,0.3957102950694058,1.4606927492634278,0.004805789412526367,2293,116.5,0.17110920034393803,0.099273607748184,0.34058684240158615
85,267,BS13,18.03.2022. ,44.868383099999996,20.327665919999998,,,0.22590524675290058,152.6,97.0,65.6,42.6,163.4,0.2584310732753141,8.073982021396404,0.42752714108533957,0.5872056313707442,1.73099873078302,59.45567445564295,0.6292155366376571,1.921715797572503,0.40408766614407804,0.020496184850145087,0.38689139232008485,0.63989083099197,0.4272280555275513,0.3887264785520448,1.5110960272604106,-0.18879971160987793,0.19358358179965707,0.9927026891353112,0.6053600573311192,-0.2556814745482036,-0.4888203410936619,0.006009136431969669,0.2050662995887528,0.0831903181710019,-0.10908683564147707,0.5957198048838215,-0.42752714108533957,1.7839999999999983,-0.027258764691756688,3.6702177969852436,-0.7060892942375064,-0.4393938157908135,2.5110960272604106,122.6,0.10891555668681288,1.6206582769164022,45.52414,0.38872647855204423,1.47171635509266,0.004788737683251764,0.22590524675290058,163.4,97.0,65.6,42.6,152.6,0.2259052467529011,7.329170415133096,0.3986996158508856,0.5637520607009313,1.6206582769164086,60.76396503165523,0.6129526233764506,2.2010065091610413,0.34967523174478315,-0.013751612318965439,0.33816910898822217,0.5966810623228584,0.3984072434723024,0.3887264785520448,1.3484281941534157,-0.18879971160987793,0.20841250929356908,0.9915721298568858,0.5388545351413108,-0.2556814745482036,-0.5138926577126394,-0.02823560843053899,0.17177381187917354,0.0490486276343973,-0.14264184023248766,0.6400561517189552,-0.3986996158508856,1.7839999999999983,-0.027258764691756688,3.4287364856906715,-0.7223692063978406,-0.46614001336996613,2.3484281941534157,122.6,0.10891555668681288,1.6206582769164022,45.52414,0.38872647855204423,1.47171635509266,0.004788737683251764,3760,104.0,0.22275641025641024,0.10901162790697674,0.40408766614407804
86,268,S9,18.03.2022. ,44.868354,20.327611499999996,,,0.138963784826337,143.75,108.25,68.5,46.5,159.0,0.18835656888186816,7.0868641264479315,0.39614804895770045,0.546614955203114,1.466511216970065,68.92010353564166,0.5941782844409341,2.258291473741429,0.2740143819222363,-0.04517405138261911,0.2820073545531043,0.5929135936215232,0.3958684843648201,0.3994432281656335,1.3178649767457202,-0.2247204107972674,0.25078681757603327,0.9913093400982396,0.47337213502867964,-0.3047331002592041,-0.5466473502023276,-0.05439538096778568,0.15916988785480649,0.012177671982926335,-0.16939096704241594,0.6837372413352806,-0.39614804895770045,-2.0824999999999987,-0.06058265197244758,3.666122302256786,-0.7442882122578363,-0.49076052724562846,2.31786497674572,121.5,0.08425158734802796,1.3253971163191374,45.793375000000005,0.399443228165633,1.5804158512092523,0.005379091137624597,0.138963784826337,159.0,108.25,68.5,46.5,143.75,0.13896378482633742,5.89981916503487,0.3525249238015195,0.5100844741392632,1.3253971163191443,70.97876067600646,0.5694818924131687,2.8676019025496378,0.19784596348669048,-0.09561210289841404,0.2080352287292697,0.5275406052506881,0.35225851277777886,0.3994432281656335,1.09419976140999,-0.2247204107972674,0.27783960127086516,0.9893374562604866,0.3633925630136182,-0.3047331002592041,-0.5811692356082968,-0.10478401746080698,0.10936375186239788,-0.03853965975344087,-0.2181950603218265,0.757104366439178,-0.3525249238015195,-2.0824999999999987,-0.06058265197244758,3.311392311884833,-0.7660264506696762,-0.528356182566808,2.0941997614099903,121.5,0.08425158734802796,1.3253971163191374,45.793375000000005,0.399443228165633,1.5804158512092523,0.005379091137624597,1944,101.0,0.14087301587301587,0.08388312912346843,0.2740143819222363
87,269,S4,18.03.2022. ,44.8683096,20.32756145,,,0.18350965513886802,149.25,103.0,69.0,45.0,163.25,0.22669983266682495,7.7578708186129735,0.40755683235546036,0.5685937143996355,1.5865635401497817,64.06567505614638,0.6133499163334125,1.9625994694960212,0.3391807433417448,-0.012331267136482662,0.3394067920640217,0.6100052193746627,0.40727266891743386,0.39254177730198136,1.3819608848186622,-0.1994397038539653,0.2090801530447815,0.9922639197658449,0.5532439544852061,-0.2705452602206348,-0.5182647891086466,-0.025058914782005493,0.1792328538321039,0.049651726562572995,-0.14032664561424976,0.6304511453515531,-0.40755683235546036,1.3800000000000017,-0.03673224822912434,3.5888754591725105,-0.7261455861394255,-0.4664895402781864,2.381960884818662,119.0,0.11260224859762849,1.4501331608418249,45.1222,0.39254177730198075,1.5014974029524297,0.004940611833560565,0.18350965513886802,163.25,103.0,69.0,45.0,149.25,0.18350965513886863,6.791852437532117,0.3693312575494496,0.5373287502200641,1.450133160841828,65.82313225917699,0.5917548275694343,2.2623431533006,0.26879890866319545,-0.05732660513974142,0.2747154223364065,0.5527131063154709,0.3690569482442835,0.39254177730198136,1.17647610260616,-0.1994397038539653,0.22898099344687145,0.9907291022863123,0.46378072204633425,-0.2705452602206348,-0.5504129202986697,-0.07001241335955159,0.13530068650795143,0.00461932928152811,-0.18419401623275442,0.6900913863338,-0.3693312575494496,1.3800000000000017,-0.03673224822912434,3.2781288066543013,-0.746725101967656,-0.5010136872197003,2.17647610260616,119.0,0.11260224859762849,1.4501331608418249,45.1222,0.39254177730198075,1.5014974029524297,0.004940611833560565,1691,111.5,0.18334985133795836,0.11276794035414725,0.3391807433417448
88,270,BS19,18.03.2022. ,44.868258350000005,20.327501275,,,0.2808053568435038,164.25,91.5,67.0,41.75,174.0,0.3087342033247252,9.04294978359611,0.44473680917805186,0.6117627814222242,1.8974872485040672,53.74747642613386,0.6543671016623626,1.6150932255335024,0.49874539626665115,0.067768023133126,0.4622229378257541,0.6656949456010479,0.44443551087400274,0.3737642377306606,1.602747698263235,-0.1572949251040426,0.14439960280828273,0.9938001617498713,0.7057320011315442,-0.2140575136441278,-0.4501867404126765,0.04565111659733318,0.2305617636159522,0.13074015135075556,-0.07120653414162897,0.5287831794803338,-0.44473680917805186,5.847500000000001,5.827073777382556e-07,3.584500380808236,-0.6811776687506219,-0.41258777834754995,2.6027476982632347,134.5,0.09849472927832939,1.7870692836136675,44.578775,0.3737642377306602,1.3764217708426676,0.004213434594223732,0.2808053568435038,174.0,91.5,67.0,41.75,164.25,0.2808053568435043,8.467489211670483,0.4199766914015462,0.5922104424549323,1.787069283613672,54.778078614423976,0.640402678421752,1.7092336957239664,0.4477819953461955,0.037378096833267954,0.4203810264950062,0.6285749263321434,0.4196796784784821,0.3737642377306606,1.4487190984366123,-0.1572949251040426,0.154010333259948,0.9929429744233018,0.6550682261887478,-0.2140575136441278,-0.4739586738988176,0.015210993634050957,0.20149435252107445,0.1006499819939987,-0.10141443975645788,0.5625238818692124,-0.4199766914015462,5.847500000000001,5.827073777382556e-07,3.3690495098473083,-0.696993748998528,-0.4374090103195519,2.4487190984366123,134.5,0.09849472927832939,1.7870692836136675,44.578775,0.3737642377306602,1.3764217708426676,0.004213434594223732,1613,115.5,0.2844574780058651,0.099581589958159,0.49874539626665115
89,271,BS14,18.03.2022. ,44.868224175,20.32746325,,,0.13469870865887976,125.25,95.5,62.25,41.25,142.0,0.1958364756158874,6.815585430918528,0.3904561964037261,0.5498985329816404,1.4876955444704603,60.56417222818081,0.5979182378079436,2.173906573498965,0.28674226606496495,-0.041803856063034446,0.29313738339364925,0.5842539120116912,0.39015054046084147,0.3968296540712292,1.2818098063194077,-0.21073661002939315,0.23423317226508716,0.9905675372538769,0.4898358418696556,-0.2854746504616319,-0.5414372085071033,-0.052470636336604225,0.15686770959868418,0.0189090313854722,-0.16708062283943437,0.6726674182791204,-0.3904561964037261,-0.15750000000000153,-0.04685336319394285,3.500013425433191,-0.7410140180190299,-0.48730511931606785,2.2818098063194077,102.0,0.10219582102267499,1.3113791894306974,46.351749999999996,0.3968296540712287,1.5340614258328875,0.0055931463759788,0.13469870865887976,142.0,95.5,62.25,41.25,125.25,0.13469870865888045,5.4526868134519315,0.33588764349633915,0.5045011358712067,1.3113791894307012,62.81421214948925,0.5673493543294402,2.8255182676518884,0.19095530836538566,-0.10435887640337616,0.2015914161147433,0.502491213475722,0.3356012047125206,0.3968296540712292,1.0118509551824433,-0.21073661002939315,0.2654321797506065,0.9878857628763218,0.35501109844255446,-0.2854746504616319,-0.5844439241511439,-0.11492363230484681,0.09498647435536196,-0.04396321250216092,-0.2275293590890488,0.76260263562637,-0.33588764349633915,-0.15750000000000153,-0.04685336319394285,3.086654459206199,-0.768132436162527,-0.5337533393473738,2.0118509551824433,102.0,0.10219582102267499,1.3113791894306974,46.351749999999996,0.3968296540712287,1.5340614258328875,0.0055931463759788,1490,83.0,0.1347678369195923,0.10231023102310231,0.28674226606496495
90,272,RGA2,18.03.2022. ,44.868226549999996,20.327457925,,,0.24946866572381302,161.0,96.25,71.0,47.5,172.5,0.2825946782544287,8.692520862834835,0.41690324718465377,0.5673661796359558,1.7966389526107474,57.67024081131847,0.6412973391272143,1.6711894614490508,0.48506098356904676,0.05679512754930041,0.4231039621968088,0.624063523041271,0.4166273693752908,0.33910057862105275,1.4356019500106763,-0.1519472637155794,0.1491168854763469,0.9934300925815173,0.6573721937283286,-0.21223508484006395,-0.4720721794207762,0.01505645178918836,0.18534715957265485,0.09003366252922057,-0.10943266616670097,0.5610402792254982,-0.41690324718465377,4.487500000000002,-0.0072988424005373176,3.310880730710257,-0.6956844014888861,-0.46717401318217117,2.4356019500106765,131.5,0.10036825172978568,1.6776636397133076,43.97512499999999,0.33910057862105225,1.3605896045544275,0.003776747428637,0.24946866572381302,172.5,96.25,71.0,47.5,161.0,0.24946866572381327,7.97027726893234,0.3869739951380013,0.5424466867036013,1.6776636397133111,58.98281550252611,0.6247343328619066,1.8347996389083594,0.4235920625410809,0.021493274970412837,0.37347910591539757,0.5792040036278722,0.38670543828631443,0.33910057862105275,1.2723435314921914,-0.1519472637155794,0.1609311080379362,0.9923644138505474,0.5932098114044386,-0.21223508484006395,-0.49864303697859913,-0.02029009839195786,0.150818203636019,0.054795715809729674,-0.1440913435504057,0.6037954014764946,-0.3869739951380013,4.487500000000002,-0.0072988424005373176,3.0861414066423754,-0.7130828468732257,-0.49397170196322027,2.2723435314921914,131.5,0.10036825172978568,1.6776636397133076,43.97512499999999,0.33910057862105225,1.3605896045544275,0.003776747428637,4410,70.5,0.25170068027210885,0.10085470085470086,0.48506098356904676
91,273,RGA3,18.03.2022. ,44.868202675000006,20.3274418,,,0.26874221523537123,167.75,96.5,68.5,45.25,180.0,0.30160294968349843,9.12152624279683,0.4482828959572992,0.5987019493462735,1.867758097165992,57.03785697858155,0.6508014748417492,1.625471728727727,0.49756117332255695,0.07221391689134117,0.45158557911620495,0.6710696115135049,0.4479934882052898,0.3623412633433483,1.6306527534607373,-0.16968867754742967,0.155947635583284,0.9940049722836868,0.6931455477757302,-0.23374158954798857,-0.45643518362313784,0.04326981660896129,0.22556978115208326,0.11887188638569843,-0.07749495342722956,0.5372100165343616,-0.4482828959572992,3.2624999999999993,-0.016800738941791717,3.705211453534181,-0.6853758255415562,-0.42993441779725045,2.630652753460738,136.25,0.10260592869288497,1.740798780771555,44.68387499999999,0.36234126334334776,1.4087480909608876,0.0042541181674345925,0.26874221523537123,180.0,96.5,68.5,45.25,167.75,0.2687422152353719,8.412034183850151,0.41918624804552346,0.5752748950712788,1.7407987807715575,58.35963622153539,0.634371107617686,1.7459726129134023,0.4373674365408195,0.03668745764042347,0.4023511229169987,0.6274477680482575,0.4189017607795684,0.3623412633433483,1.451708710276729,-0.16968867754742967,0.16767324816105303,0.9930610725316105,0.6326296664023779,-0.23374158954798857,-0.4840136029719071,0.007651812795778578,0.1914040305655083,0.08355654114320257,-0.11277334662678631,0.5775199104031856,-0.41918624804552346,3.2624999999999993,-0.016800738941791717,3.4529925542309305,-0.7036537351306591,-0.458504645728706,2.451708710276729,136.25,0.10260592869288497,1.740798780771555,44.68387499999999,0.36234126334334776,1.4087480909608876,0.0042541181674345925,4300,74.0,0.2696310312204352,0.10361842105263158,0.49756117332255695
92,274,BS13,18.03.2022. ,44.8682526,20.3274753,,,0.3144700291055457,175.25,90.25,65.75,44.0,185.25,0.3421459636925413,9.669187117524372,0.47380378818846736,0.6139745123775531,2.070265445605119,51.84418521374722,0.6710729818462707,1.5369686966012686,0.5998477059306533,0.12205901107598739,0.5122912868188718,0.7092880243264459,0.4735009402201188,0.34423933901569187,1.8261914646454513,-0.15658823754315884,0.1358999828114833,0.9945235187029365,0.7577504393060833,-0.21796262569240027,-0.41686952246009373,0.08389396846343905,0.25380346130440773,0.1576763789558202,-0.0395664329309256,0.4941663757275966,-0.47380378818846736,3.7125000000000012,-0.01015940098212566,3.8724259096212084,-0.6579522466159143,-0.40735788318820787,2.8261914646454516,135.25,0.12791194349754048,1.96156391163184,44.900150000000004,0.34423933901569126,1.3744047693294674,0.0041400216071343044,0.3144700291055457,185.25,90.25,65.75,44.0,175.25,0.3144700291055464,9.06505564268117,0.44924782273493913,0.5938042592822639,1.9615639116318464,52.91362934465794,0.6572350145527732,1.6730367800945662,0.5486962164943833,0.09221828351402606,0.4708278975695084,0.6724755334542403,0.44894954083958605,0.34423933901569187,1.6731224378452927,-0.15658823754315884,0.14634842105389456,0.9936473329334296,0.7055246829210104,-0.21796262569240027,-0.4400944569692102,0.053939353465792,0.22495378839235414,0.12796488208322027,-0.0692173490124321,0.5289651404005835,-0.44924782273493913,3.7125000000000012,-0.01015940098212566,3.6561491281140377,-0.6734265045684388,-0.4311616774261283,2.6731224378452927,135.25,0.12791194349754048,1.96156391163184,44.900150000000004,0.34423933901569126,1.3744047693294674,0.0041400216071343044,4200,105.0,0.32015065913371,0.1288244766505636,0.5998477059306533
93,275,BS19,18.03.2022. ,44.8682912,20.327520375000002,,,0.19436824611937448,150.0,100.75,67.5,47.75,162.25,0.23233215727591072,7.8102413486372395,0.4122594867220202,0.546236201594452,1.6092393207282911,62.392118688294936,0.6161660786379554,1.9017262154967074,0.3820695013625458,0.013706702031152053,0.3478391585796219,0.6170381832592584,0.41197083158218134,0.35891233149543234,1.4030261226327916,-0.19862070780853108,0.20771487785771703,0.9922499041990916,0.5630714477311695,-0.27638374436605034,-0.5133897690655814,-0.019219761389886746,0.16976661373816387,0.04326299382290372,-0.14283375347693522,0.6238970497135147,-0.4122594867220202,-0.919999999999999,-0.048411680185836914,3.599818006085357,-0.722897229805473,-0.49078592729485687,2.4030261226327916,120.5,0.10815169755052312,1.4876120448179224,45.4406,0.35891233149543195,1.49856710063047,0.0049680278952651995,0.19436824611937448,162.25,100.75,67.5,47.75,150.0,0.19436824611937492,6.964938234839826,0.37870108036450323,0.5177123168075942,1.487612044817927,63.91054213187889,0.5971841230596875,2.164569315044859,0.31619397807501326,-0.025912995129005415,0.29097622527888656,0.5667409381462667,0.37842102509267694,0.35891233149543234,1.2200945859798107,-0.19862070780853108,0.225372620017041,0.9908859382068645,0.484754830476798,-0.27638374436605034,-0.5418608850044978,-0.05885133544480249,0.13092166487906168,0.0035685905627818393,-0.18145936825908812,0.6761076977947744,-0.37870108036450323,-0.919999999999999,-0.048411680185836914,3.3237569172334305,-0.741171986414704,-0.5202684314610571,2.2200945859798105,120.5,0.10815169755052312,1.4876120448179224,45.4406,0.35891233149543195,1.49856710063047,0.0049680278952651995,1900,118.5,0.19641076769690927,0.10905730129390019,0.3820695013625458
94,276,S3,18.03.2022. ,44.868326125,20.327557825,,,0.16600601484588226,134.0,95.5,63.5,43.25,144.5,0.20234653387069146,6.966157155546184,0.38697685473768556,0.537259667458601,1.509126750885791,60.25684598126877,0.6011732669353458,2.0916385459007594,0.30803613826001885,-0.028204317723165916,0.30288848486804076,0.5790691270684498,0.3866785155314362,0.37612593354019175,1.2681175962869675,-0.20051943961641266,0.22146024311307602,0.9906797237488597,0.5029062722817569,-0.27551063709985063,-0.5364633034133686,-0.04987238313748079,0.14770722493835126,0.01831741296763928,-0.1685500576678957,0.6639524716031392,-0.38697685473768556,-0.1274999999999995,-0.04365181205559974,3.4112826738719324,-0.7378085681537592,-0.5004440524782525,2.2681175962869675,108.0,0.10635578103888775,1.39996406191868,46.032875,0.37612593354019147,1.5022731550622002,0.00526356177669462,0.16600601484588226,144.5,95.5,63.5,43.25,134.0,0.16600601484588254,6.166080956941007,0.35455975024648756,0.5099323119023872,1.3999640619186846,61.621269571505486,0.5830030074229413,2.406294236602629,0.24825543858309662,-0.06572485638839762,0.24846871588385624,0.5304939473921209,0.35427217281193013,0.37612593354019175,1.1036304972917548,-0.20051943961641266,0.23889712730138263,0.9891730244342748,0.4249165454375901,-0.27551063709985063,-0.5626774580885353,-0.08728912649305873,0.11074521711418743,-0.01927774064763686,-0.2048230735432492,0.7159635360699191,-0.35455975024648756,-0.1274999999999995,-0.04365181205559974,3.1632585653228404,-0.7544509945831079,-0.528046569698917,2.1036304972917548,108.0,0.10635578103888775,1.39996406191868,46.032875,0.37612593354019147,1.5022731550622002,0.00526356177669462,1800,106.5,0.16775599128540306,0.10743801652892562,0.30803613826001885
95,277,S8,18.03.2022. ,44.86837305,20.327601599999998,,,0.163577438701548,140.5,101.0,67.25,42.75,151.75,0.20101528756512133,7.113955939280564,0.3868401415657513,0.5607814237934382,1.50465404088228,63.86127851965564,0.6005076437825607,2.16221184159334,0.29023790051260195,-0.04531010077801863,0.3009250559818617,0.578929534503481,0.3865558184925685,0.4056224256950812,1.2637750455373404,-0.20137732767059208,0.22340891163152826,0.9912376965930126,0.5003336640318577,-0.27020307673678634,-0.5374932915572749,-0.05104662749901389,0.16037356124965746,0.027504698435639456,-0.16277270111501713,0.6657101568422563,-0.3868401415657513,1.7824999999999989,-0.034068882088118556,3.416767584023295,-0.7384746063501885,-0.4751447781590832,2.2637750455373404,115.0,0.10010187392680238,1.3945049982932225,45.400749999999995,0.4056224256950807,1.50725127358444,0.00504661649583757,0.163577438701548,151.75,101.0,67.25,42.75,140.5,0.16357743870154834,6.25050895888249,0.35345309433697786,0.5333893203453746,1.3945049982932278,65.35208420877217,0.5817887193507743,2.5543478260869565,0.23190106361890847,-0.08374971368614695,0.244857654157246,0.5288979586129244,0.35317921654621176,0.4056224256950812,1.0961172720454302,-0.20137732767059208,0.2421380793664462,0.9897490280504451,0.41872750189522595,-0.27020307673678634,-0.5641471109453343,-0.08944725466777365,0.12245901724764092,-0.011105678739609333,-0.2000274899674292,0.7201378843477801,-0.35345309433697786,1.7824999999999989,-0.034068882088118556,3.160732364905193,-0.7553392312853399,-0.5041649920270401,2.09611727204543,115.0,0.10010187392680238,1.3945049982932225,45.400749999999995,0.4056224256950807,1.50725127358444,0.00504661649583757,1882,113.0,0.16356107660455488,0.09980430528375733,0.29023790051260195
96,278,BS15,18.03.2022. ,44.868406050000004,20.327667875,,,0.17057835805405197,140.0,98.25,64.5,42.5,153.25,0.21545582827697587,7.352265187723736,0.4062274233860288,0.5641140492977037,1.554713804713805,61.45818179639559,0.6077279141384879,2.08344083247334,0.32188067345037596,-0.02177860237715008,0.3225457022149177,0.6079303368262277,0.40592597216063164,0.3966468445227445,1.3698990166949632,-0.20876294880820676,0.22460439838220425,0.9913827854961055,0.5284259532491941,-0.28242628517018764,-0.5261120289300846,-0.03261775262820088,0.17586503622358687,0.03950477111714347,-0.1474789187641307,0.6469716885743175,-0.4062274233860288,0.2574999999999976,-0.045000632307682205,3.619960328734446,-0.7310747561640262,-0.47124444572663743,2.3698990166949634,114.25,0.10222682465637295,1.4184655696752424,45.964775,0.396646844522744,1.529613486842105,0.005441394884041313,0.17057835805405197,153.25,98.25,64.5,42.5,140.0,0.17057835805405258,6.349457052374705,0.36652826197116745,0.5313203301807321,1.4184655696752473,63.164348033228194,0.5852891790270263,2.5355937921727394,0.2503721806019364,-0.06812306596789486,0.25533953309286017,0.5484379548065764,0.36623882231438976,0.3966468445227445,1.1605637202886248,-0.20876294880820676,0.24722475138298725,0.9895487257824422,0.43223665499973307,-0.28242628517018764,-0.5586576199446214,-0.07894938581165215,0.13035460623634898,-0.006992058967943128,-0.19255571559269347,0.7111224337341195,-0.36652826197116745,0.2574999999999976,-0.045000632307682205,3.2976976039822503,-0.7517806431544539,-0.506421014430571,2.160563720288625,114.25,0.10222682465637295,1.4184655696752424,45.964775,0.396646844522744,1.529613486842105,0.005441394884041313,2073,82.5,0.17523609653725078,0.10127826941986234,0.32188067345037596
97,279,BS16,18.03.2022. ,44.868455725000004,20.327729675,,,0.281271575309608,178.25,100.0,71.5,46.75,189.0,0.30935930006149803,9.342652140877359,0.4499853894191116,0.6022747339885315,1.9323407071280017,59.127761789991965,0.654679650030749,1.703285833224586,0.5301569223618116,0.08046091236365063,0.4632315990437764,0.6736849904227549,0.4497091687261998,0.3585200680789772,1.6509721708114755,-0.16168127426059706,0.15360029305057898,0.994292543080401,0.6983854694472851,-0.2216392799322207,-0.4455365840935781,0.049893457031916576,0.22939670376451987,0.12722090464651528,-0.07049911926945719,0.5337761682820725,-0.4499853894191116,3.9825,-0.01046046546046546,3.6649845223770403,-0.6772796810193908,-0.4238601142448286,2.6509721708114755,143.5,0.1070543712771441,1.83061244865269,44.148075000000006,0.358520068078977,1.3928039582839027,0.0038298613800485403,0.281271575309608,189.0,100.0,71.5,46.75,178.25,0.28127157530960856,8.659367510120997,0.42505082580712544,0.5820381342196992,1.830612448652693,60.37088354397528,0.6406357876548042,1.9631327287023383,0.4818464871018057,0.05066818074071869,0.4211489566174078,0.6363054514316859,0.424779355404155,0.3585200680789772,1.5041096545843975,-0.16168127426059706,0.16598394511654418,0.9934344094662979,0.6420798749172574,-0.2216392799322207,-0.4679514576389146,0.019975293319018858,0.20038812458732116,0.09744892203219449,-0.09996857235659119,0.5713117312928777,-0.42505082580712544,3.9825,-0.01046046546046546,3.45082299868747,-0.6920169174043937,-0.44758392545347364,2.5041096545843975,143.5,0.1070543712771441,1.83061244865269,44.148075000000006,0.358520068078977,1.3928039582839027,0.0038298613800485403,3530,91.0,0.2812219227313567,0.108003108003108,0.5301569223618116
98,280,S5,18.03.2022. ,44.8684906,20.327773774999997,,,0.2338194381371,162.75,101.25,68.5,45.75,174.25,0.26547301937030077,8.472171886041554,0.4348239304574168,0.5830629720517049,1.7542472227140273,61.61796929222634,0.6327365096851503,1.8318068872975415,0.4278861446924035,0.03545714275495145,0.3974858844617732,0.650894635461623,0.43453739333263147,0.3754897467918753,1.5517077517077515,-0.19004401961188028,0.19092537495533365,0.9932271941521996,0.620647157447693,-0.260004261008337,-0.48355623107391865,0.013901799034525908,0.20741347392390155,0.08586341253816762,-0.10470003665123984,0.5855575036464183,-0.4348239304574168,1.1050000000000004,-0.03330224315235835,3.7386738182550476,-0.7026755035677819,-0.4469812276622953,2.5517077517077515,128.5,0.117831224253589,1.63909420910075,45.13225,0.3754897467918748,1.4748886248886175,0.004624099087161205,0.2338194381371,174.25,101.25,68.5,45.75,162.75,0.23381943813710043,7.75575665500483,0.40688126768251975,0.5602439344773891,1.6390942091007532,62.93611708153895,0.6169097190685502,2.0123951846026316,0.37253237155519997,0.0017174828525454563,0.35006313986417703,0.6090051690526682,0.40659995136281823,0.3754897467918753,1.3846302346302348,-0.19004401961188028,0.20432987169029043,0.9922485932039651,0.5587539863137462,-0.260004261008337,-0.5089917652340348,-0.019904966739712267,0.17475439212431898,0.05225335195728502,-0.13801112091689138,0.6268047450500093,-0.40688126768251975,1.1050000000000004,-0.03330224315235835,3.4944486009098426,-0.7193899314547931,-0.4736674310565029,2.384630234630235,128.5,0.117831224253589,1.63909420910075,45.13225,0.3754897467918748,1.4748886248886175,0.004624099087161205,2535,103.0,0.23295454545454544,0.11759656652360514,0.4278861446924035
99,281,S6,18.03.2022. ,44.86853537499999,20.32782285,,,0.18044083374050623,151.0,104.75,71.25,45.75,160.75,0.21009902051624046,7.460141020548644,0.3851167906767432,0.5561664964779238,1.5345753814453222,65.82102448984696,0.6050495102581203,2.0792640692640694,0.31283316511886533,-0.03307820043383068,0.3145568772854252,0.5764306408333191,0.3848508967355747,0.39190409260831793,1.2552470844724364,-0.19042610316181813,0.20932615861175535,0.9918417602535647,0.5187331230185308,-0.2573230434551515,-0.5305597899941797,-0.04594631893405828,0.15676575213276348,0.03214711089055022,-0.1600997536813614,0.6534745946425959,-0.3851167906767432,2.490000000000002,-0.027454396121186428,3.3151552753509277,-0.7340041447473192,-0.480459014874707,2.255247084472437,122.75,0.1038459219099427,1.44216176879425,44.629975,0.3919040926083175,1.4706414160639476,0.0045023734244867795,0.18044083374050623,160.75,104.75,71.25,45.75,151.0,0.18044083374050662,6.782859252344783,0.3585521300072506,0.5345468851310577,1.4421617687942567,67.05694028726627,0.5902204168702534,2.3033496700744087,0.2646720652181838,-0.06387813097895592,0.270133294521657,0.53661884862182,0.35829373998198516,0.39190409260831793,1.1196058414368273,-0.19042610316181813,0.22254632177582095,0.9907953724140829,0.45663659065241474,-0.2573230434551515,-0.5524425851167017,-0.0767097533812993,0.1265318433848496,0.0012889019726786688,-0.1900522945887318,0.6948752522472941,-0.3585521300072506,2.490000000000002,-0.027454396121186428,3.116025183903045,-0.7479818158788556,-0.5039254912707745,2.1196058414368277,122.75,0.1038459219099427,1.44216176879425,44.629975,0.3919040926083175,1.4706414160639476,0.0045023734244867795,2659,102.0,0.18084066471163246,0.10319634703196347,0.31283316511886533
100,282,RGA3,18.03.2022. ,44.868560875,20.327878325,,,0.29151035767920075,182.25,99.75,74.25,51.25,187.75,0.30544354775854604,9.364498545535117,0.43268327067669177,0.5713048174297806,1.8836099070736567,58.786457330386156,0.652721773879273,1.5612358251663103,0.5472016572495066,0.08987142856080849,0.4573696948932917,0.6477870911878902,0.4324188597950742,0.3220838168043137,1.5359799307584117,-0.14695235358828068,0.13598722726664286,0.9943064630074673,0.700005600053375,-0.20903122219403797,-0.45308525004517747,0.03764289716368824,0.19844527028724634,0.10820294534351192,-0.0910033515488906,0.5326651570572638,-0.43268327067669177,4.085000000000001,-0.00854854301022306,3.4179143114766255,-0.68312972615775,-0.4627879344617357,2.535979930758412,144.5,0.1149449136062262,1.82796178004897,43.426425,0.322083816804313,1.3453975106758,0.003474006028895425,0.29151035767920075,187.75,99.75,74.25,51.25,182.25,0.29151035767920136,9.059031431805582,0.4201205328807409,0.5609717104342753,1.8279617800489727,59.36552004215897,0.6457551788396007,1.6038752913752912,0.5199219230807184,0.07474287793640487,0.4364919955981463,0.6289535179623635,0.4198583646062868,0.3220838168043137,1.461425299590787,-0.14695235358828068,0.14018541459040035,0.9939348125952061,0.6748388701838482,-0.20903122219403797,-0.46501146597895826,0.0224342182535267,0.18374612905972237,0.09311751597492654,-0.1060546115283097,0.54942724565414,-0.4201205328807409,4.085000000000001,-0.00854854301022306,3.3179005655300964,-0.6910793952052695,-0.4746815162615035,2.461425299590787,144.5,0.1149449136062262,1.82796178004897,43.426425,0.322083816804313,1.3453975106758,0.003474006028895425,3742,66.0,0.2925531914893617,0.11553175210405509,0.5472016572495066
101,283,RGA4,18.03.2022. ,44.8685570153846,20.327907138461537,,,0.32277120825535605,221.53846153846155,113.6923076923077,87.76923076923077,56.07692307692308,232.69230769230768,0.34619789279083774,10.703345612754903,0.4536538349542912,0.6130761187219027,2.0722764129999782,65.22440136819115,0.6730989463954187,1.4974509462492984,0.6138237568193372,0.11563273166293729,0.5184543186432967,0.679289689455017,0.4533994186569182,0.33874726589829585,1.6695163841316787,-0.12707257308178224,0.11106287805272319,0.9952917787588823,0.7680080050812533,-0.17567583708355328,-0.4150723622201889,0.07477973816922938,0.23818713488325724,0.15942992727980312,-0.04762230004555445,0.48739811226990815,-0.4536538349542912,9.222307692307693,0.01784464548651623,3.450047619698355,-0.657125085585876,-0.40987024515969817,2.6695163841316782,179.0,0.10608701647510518,1.964151667488855,40.79128461538461,0.33874726589829546,1.29361624707274,0.0028898187176911944,0.32277120825535605,232.69230769230768,113.6923076923077,87.76923076923077,56.07692307692308,221.53846153846155,0.32277120825535643,10.16725246585496,0.43245091228451044,0.5963769152077768,1.9641516674888602,66.28655834821198,0.6613856041276781,1.5535558121588493,0.5665689433379517,0.08947132937308672,0.4833434569685326,0.6474965332955164,0.43219888075140617,0.33874726589829585,1.5302151188855662,-0.12707257308178224,0.11702299854141206,0.9947518757103837,0.728584229688888,-0.17567583708355328,-0.4368449095169552,0.048410496728896094,0.21309953955906338,0.133558692168295,-0.07402961508908024,0.5136470011821082,-0.43245091228451044,9.222307692307693,0.01784464548651623,3.2700564032912607,-0.672018921434096,-0.43175996866758265,2.5302151188855664,179.0,0.10608701647510518,1.964151667488855,40.79128461538461,0.33874726589829546,1.29361624707274,0.0028898187176911944,4357,64.5,0.3217072051399725,0.10620318801613216,0.6138237568193372
102,284,S7,18.03.2022. ,44.86853558333333,20.32785481666667,,,0.17994541164252284,144.0,100.16666666666667,66.83333333333333,43.333333333333336,157.5,0.22297228981716713,7.551355033996601,0.40503094824490155,0.568589660525582,1.5779847906364166,62.49255694671413,0.6114861449085836,2.023927168051882,0.33608840356016195,-0.01617393289541208,0.33380587532426836,0.6061844468087789,0.4047399472245771,0.3951360427211821,1.3707239593144578,-0.2004254895364179,0.2122411734166245,0.9919093130927532,0.5442581055457446,-0.27141960035159896,-0.5205889917635885,-0.02819083740432687,0.17737453125041033,0.046741528655699666,-0.14293090421608481,0.6364273367791998,-0.40503094824490155,1.334999999999999,-0.0368192295350475,3.563419327172287,-0.7275505348337609,-0.4665948216315499,2.3707239593144576,117.16666666666667,0.1034017192003645,1.4423052445009514,45.46516666666667,0.39513604272118125,1.5017533324475665,0.005072916500404849,0.17994541164252284,157.5,100.16666666666667,66.83333333333333,43.333333333333336,144.0,0.1799454116425233,6.5928902661549555,0.3669060045123442,0.5374387623476178,1.4423052445009568,64.19290951312509,0.5899727058212617,2.36286249487519,0.26608268639717664,-0.060893611509471306,0.2693620879531047,0.5490453529282567,0.3666252997601092,0.3951360427211821,1.1665182258938829,-0.2004254895364179,0.23224398890477171,0.9903216848170744,0.454620191737519,-0.27141960035159896,-0.5525505592818982,-0.0729294995616761,0.13359020799273258,0.0018867985857477978,-0.18659479948095312,0.6961880118760373,-0.3669060045123442,1.334999999999999,-0.0368192295350475,3.255924377537834,-0.7480102921892103,-0.5009918105803003,2.1665182258938827,117.16666666666667,0.1034017192003645,1.4423052445009514,45.46516666666667,0.39513604272118125,1.5017533324475665,0.005072916500404849,1900,103.5,0.17952218430034125,0.10274409700063813,0.33608840356016195
103,285,S2,18.03.2022. ,44.86849896,20.327773460000003,,,0.174220575243002,140.0,98.0,64.6,44.0,153.4,0.21916320253850435,7.416231018319062,0.40673748787907804,0.5549158878836291,1.5629478122623903,61.200620319074346,0.6095816012692522,1.9952889211743439,0.333777672117306,-0.01144187617576272,0.3280891533240556,0.6086957302679462,0.40643610114600326,0.38239410139918906,1.375889732930285,-0.20609455903573554,0.21880749645227474,0.9915394588232612,0.5375366002298516,-0.28214677638605157,-0.5238503994618091,-0.030006858307093376,0.17112219876384946,0.038100323904586814,-0.14817664597563882,0.6408849437018559,-0.40673748787907804,-0.4599999999999994,-0.047233589017555075,3.613305986809526,-0.7297157498415705,-0.4814087148867351,2.3758897329302853,116.4,0.09175928251434926,1.424513306145016,45.95324,0.3823941013991886,1.51961873329431,0.005364416880072184,0.174220575243002,153.4,98.0,64.6,44.0,140.0,0.1742205752430024,6.431094958510809,0.3669651772327197,0.5216873483061567,1.4245133061450197,62.90874406336313,0.5871102876215012,2.3568379772961814,0.2600465213128922,-0.05804067965025672,0.26078398936120123,0.5490928835726251,0.3666756437143379,0.38239410139918906,1.1650075722379434,-0.20609455903573554,0.2405259965330086,0.9897457786914835,0.4426201112316453,-0.28214677638605157,-0.556769672795966,-0.07653677259659612,0.12543885691538414,-0.008575991031454237,-0.193446772111562,0.7041752728507695,-0.3669651772327197,-0.4599999999999994,-0.047233589017555075,3.2919260775330605,-0.750703736840906,-0.5163813406896012,2.1650075722379434,116.4,0.09175928251434926,1.424513306145016,45.95324,0.3823941013991886,1.51961873329431,0.005364416880072184,2360,101.0,0.17647058823529413,0.09204368174726987,0.333777672117306
104,286,BS17,18.03.2022. ,44.868466,20.32772834,,,0.20904998925468302,139.0,90.6,61.8,42.4,151.2,0.24900485445044715,7.730505671889205,0.41743860255112814,0.5600903813253579,1.6747304845691944,55.547614067016035,0.6245024272252235,1.8431360073191523,0.40012059000833256,0.0240412320036825,0.3727388747891743,0.6246949137900716,0.4171259998126409,0.3625638563510102,1.4596403618918832,-0.18875006761278784,0.19077930719515698,0.9919244232940126,0.5931889377996067,-0.2614392712731226,-0.49923850583561524,-0.005140341782500467,0.1823696879585934,0.06284168388053298,-0.12673437638918478,0.6037580085185583,-0.41743860255112814,0.602000000000001,-0.03647620930036694,3.6200193014019595,-0.7134950243054472,-0.4734329131664333,2.459640361891883,111.8,0.1072566834839966,1.53942619745845,46.06962,0.36256385635101,1.4673115683054758,0.0051537776131115095,0.20904998925468302,151.2,90.6,61.8,42.4,139.0,0.20904998925468327,6.885572398842546,0.3819804556614887,0.5303916470804486,1.5394261974584558,57.00276376260425,0.6045249946273417,2.0868397943885197,0.3297715883030673,-0.01808208855007356,0.3128968486261992,0.571552132117374,0.3816773193956664,0.3625638563510102,1.2614234199426897,-0.18875006761278784,0.20754525350915137,0.9904314407360483,0.5130144487577233,-0.2614392712731226,-0.5301739177989646,-0.04721769370187241,0.14134811644708872,0.02078966992976921,-0.1679021209405586,0.6571960623566032,-0.3819804556614887,0.602000000000001,-0.03647620930036694,3.329024728919388,-0.7335484094235123,-0.5053760428678673,2.26142341994269,111.8,0.1072566834839966,1.53942619745845,46.06962,0.36256385635101,1.4673115683054758,0.0051537776131115095,1857,112.5,0.210801393728223,0.10845295055821372,0.40012059000833256
105,287,BS12,18.03.2022. ,44.86843078,20.327685188,,,0.2413097017031598,148.4,90.52000000000001,61.96,40.68,161.84,0.281779397421394,8.415010489735696,0.4454689187900146,0.5971241731182825,1.7923878840423733,54.269864897400076,0.6408896987106971,1.72030988168328,0.4451638469919539,0.04879792901486408,0.42183263065556575,0.6667099914339449,0.4451498425200954,0.379670714337236,1.6169743750524517,-0.1872804394730883,0.17740849872087994,0.9930089260909071,0.656282054820851,-0.2555084941928728,-0.47292218616989085,0.0292692814725537,0.22301231848818093,0.10386235065544458,-0.08860234316316402,0.5617191459972772,-0.4454689187900146,1.8423999999999991,-0.028658858961583766,3.8246397160830115,-0.6962712596659559,-0.4305010230832522,2.6169743750524512,116.75999999999999,0.11881745822958731,1.643898876457132,45.967144000000005,0.3796707143372358,1.4617342672512692,0.005116484239086104,0.2413097017031598,161.84,90.52000000000001,61.96,40.68,148.4,0.24130970170315996,7.5680319872317465,0.40995289614457703,0.5684200109253043,1.6438988764571352,55.77903225424127,0.62065485085158,1.9019060622837318,0.3738681968404537,0.005436160511125613,0.36120872899333933,0.6134679625391467,0.40964062776867677,0.379670714337236,1.3999060276079527,-0.1872804394730883,0.19363482347977698,0.9916770979291089,0.5793243324413032,-0.2555084941928728,-0.5058424879639201,-0.01411761372016623,0.18137070915460846,0.06076029791180247,-0.13144355462428314,0.6129897513044682,-0.40995289614457703,1.8423999999999991,-0.028658858961583766,3.5070273639192693,-0.717898798648369,-0.46513418760132447,2.3999060276079534,116.75999999999999,0.11881745822958731,1.643898876457132,45.967144000000005,0.3796707143372358,1.4617342672512692,0.005116484239086104,4238,80.5,0.24225682236731957,0.11932418162618803,0.4451638469919539
106,288,S7,18.03.2022. ,44.86839818,20.327641879999998,,,0.175353642626413,132.8,92.6,62.0,42.0,146.0,0.22212008183773202,7.267315932204265,0.40224189182933917,0.5530974007277148,1.574474215842637,57.7153937537665,0.611060040918866,1.9805555555555556,0.3422120977496764,-0.00917672309852825,0.3324791511615551,0.6018998809094631,0.401929270049249,0.37748658874117075,1.3489120573602575,-0.1977570621892119,0.21083573729362795,0.9910997686838098,0.5427554114208052,-0.27131673041520754,-0.5213419596701983,-0.030262127660708703,0.16693134007114935,0.03953939067481923,-0.14887904052548634,0.637363472084353,-0.40224189182933917,0.26600000000000035,-0.04031096225152627,3.5064014204534018,-0.7280531837382899,-0.48342781230623144,2.3489120573602578,111.6,0.0844384552065533,1.42913184476342,46.181799999999996,0.3774865887411704,1.4935564822944059,0.005381644817940502,0.175353642626413,146.0,92.6,62.0,42.0,132.8,0.17535364262641312,6.274237074711168,0.36053260495685563,0.5183731738738726,1.4291318447634236,59.384608625230456,0.5876768213132066,2.358468092928626,0.2647344179338279,-0.05772653732847062,0.2624500914863986,0.5394016113531253,0.3602339796653423,0.37748658874117075,1.1326254755633598,-0.1977570621892119,0.2324152350803898,0.9891075556773444,0.4443448814664951,-0.27131673041520754,-0.5557683999249787,-0.0787383005335183,0.1192358966522443,-0.00909206166015631,-0.19602816566574074,0.7029849052047988,-0.36053260495685563,0.26600000000000035,-0.04031096225152627,3.184383013154555,-0.7500379004794532,-0.5197916659128103,2.1326254755633594,111.6,0.0844384552065533,1.42913184476342,46.181799999999996,0.3774865887411704,1.4935564822944059,0.005381644817940502,1530,111.5,0.17834960070984923,0.08674304418985276,0.3422120977496764
107,289,S2,18.03.2022. ,44.86835814,20.32759154,,,0.15930865894028562,141.8,102.6,67.2,47.0,155.4,0.2042227724835015,7.250736711439688,0.39648711767769235,0.5370309723484994,1.5144305898320813,64.7113529296904,0.6021113862417508,2.073560707967487,0.3154047938873914,-0.02062349725090977,0.30573931172138435,0.5933872788535439,0.3962000820254096,0.37369127410981395,1.3166289969478941,-0.2092615330502534,0.22878672252047733,0.9914528190645833,0.5071654817963271,-0.2888072665072879,-0.5351586840301386,-0.04435713368900951,0.1538678805883706,0.01924618198750338,-0.16463700930983408,0.661165630347225,-0.39648711767769235,-1.4840000000000004,-0.053757878055867125,3.5464763974682194,-0.7369888389966205,-0.5009234549774839,2.3166289969478937,118.4,0.08975028350343528,1.3809809152001657,45.67898,0.37369127410981384,1.5300006818836063,0.005214170830140952,0.15930865894028562,155.4,102.6,67.2,47.0,141.8,0.15930865894028615,6.225906546985468,0.35662947690072566,0.5033140566425931,1.3809809152001726,66.49683446253995,0.5796543294701431,2.494124557331615,0.24214686815677525,-0.06687346976090017,0.23847496151459407,0.5336573461736089,0.35635449096441446,0.37369127410981395,1.1117574864562312,-0.2092615330502534,0.25137358464715404,0.9896795383034845,0.4100315213603102,-0.2888072665072879,-0.5673373500206771,-0.0905257975364819,0.1082714607139551,-0.027157651197469553,-0.20939502684593797,0.7259458616808182,-0.35662947690072566,-1.4840000000000004,-0.053757878055867125,3.2317500509198167,-0.7573811068706617,-0.5349899057242318,2.1117574864562316,118.4,0.08975028350343528,1.3809809152001657,45.67898,0.37369127410981384,1.5300006818836063,0.005214170830140952,1333,102.0,0.1603927986906711,0.08993082244427364,0.3154047938873914
108,290,BS17,18.03.2022. ,44.86832336,20.32754594,,,0.238675492216523,146.0,89.4,60.4,39.8,154.8,0.26653811171740294,8.050050791292936,0.43757678623090496,0.5903838199232727,1.7352774997738976,54.15337535420785,0.6332690558587014,1.7951083873546678,0.4168930255299429,0.03262778183583852,0.39899160661425165,0.6548406267746915,0.43725103143033495,0.38409281836896125,1.5630254515599344,-0.19345504917744033,0.18911277502002055,0.992429913238398,0.6276583636826241,-0.2632148082626975,-0.485476150702028,0.015418756902614031,0.21322018192513942,0.08917991425982905,-0.10181624874350145,0.5807782149033869,-0.43757678623090496,1.2559999999999996,-0.03351024107389258,3.7917294929326646,-0.704548638105889,-0.44000722578554885,2.5630254515599344,117.8,0.1064197489996315,1.635887231025028,46.30706,0.3840928183689608,1.4810970853858758,0.005382790117551064,0.238675492216523,154.8,89.4,60.4,39.8,146.0,0.2386754922165236,7.471570627741999,0.41307027560211634,0.5706094158691701,1.6358872310250345,55.161257102090644,0.6193377461082618,1.9406953624733476,0.3688280885906207,0.0029579794535708956,0.3572571916687465,0.6181060608707709,0.41274988357989245,0.38409281836896125,1.417114121510673,-0.19345504917744033,0.20071176995450934,0.9914470091108383,0.5736292210793312,-0.2632148082626975,-0.5077478073829889,-0.014283190215029629,0.18460680961421022,0.059622657295999734,-0.13108778446755623,0.6167792912837131,-0.41307027560211634,1.2559999999999996,-0.03351024107389258,3.577071034076842,-0.7191123160794987,-0.46361886990358786,2.417114121510673,117.8,0.1064197489996315,1.635887231025028,46.30706,0.3840928183689608,1.4810970853858758,0.005382790117551064,1807,108.5,0.2404418011894647,0.10689916603487491,0.4168930255299429
109,291,BS12,18.03.2022. ,44.868275700000005,20.32748664,,,0.2822389697149752,153.4,84.6,61.2,41.6,160.2,0.30360609166901315,8.555438562324614,0.44220742427673915,0.583497683037218,1.9194465804526697,50.044919754963004,0.6518030458345065,1.6829991501956425,0.5375342216401158,0.08438184713316337,0.45449245697302,0.6618202306443705,0.4418888734508174,0.3396619053787407,1.6210182551988968,-0.15909658393296858,0.1526635448992487,0.9929891689771931,0.6867299835297647,-0.22221547951474166,-0.4494143596495196,0.043108654018015266,0.21350354194556004,0.11452054054113278,-0.08143198709541025,0.5414293318979633,-0.44220742427673915,2.8299999999999983,-0.014574033717718546,3.5951187339067645,-0.6795790514826396,-0.4450654291755223,2.6210182551988965,120.8,0.11795737723942681,1.840066253590912,45.67808000000001,0.3396619053787402,1.382090063989154,0.004462962863213948,0.2822389697149752,160.2,84.6,61.2,41.6,153.4,0.2822389697149756,8.102863088689208,0.4231072990678709,0.5677893552859838,1.8400662535909167,50.80582184738294,0.6411194848574878,1.815814607838481,0.4989915790717162,0.06157493445955066,0.42248680455080423,0.6331918258717363,0.4227933867694925,0.3396619053787407,1.5095127266250068,-0.15909658393296858,0.16098328355732536,0.9922169610059417,0.6451159613956263,-0.22221547951474166,-0.46677122731021703,0.020233759614666034,0.19130126494627825,0.09176161931663925,-0.10396242368275344,0.569162575533754,-0.4231072990678709,2.8299999999999983,-0.014574033717718546,3.437970314481631,-0.6910314216617526,-0.46293846961616014,2.509512726625007,120.8,0.11795737723942681,1.840066253590912,45.67808000000001,0.3396619053787402,1.382090063989154,0.004462962863213948,4300,79.0,0.28907563025210087,0.11889132020423053,0.5375342216401158
110,292,RGA4,18.03.2022. ,44.86823508,20.32742888,,,0.34478622009732285,173.8,84.4,64.8,41.6,179.6,0.36062115156742885,9.733521792869054,0.46885078087587484,0.6236113121979242,2.139752158459243,47.79369442031506,0.6803105757837145,1.4620457534749502,0.6423497094902599,0.13366304248238509,0.5399027363972705,0.7018356631378824,0.46854304155419796,0.33861419550584737,1.7886101258965845,-0.1308098326921713,0.1084587982090571,0.9947123745031103,0.7921446538714456,-0.18190258727713024,-0.4015974430213253,0.09268467772292092,0.2553436395679389,0.17541071557580565,-0.030046096158862157,0.4712069103576509,-0.46885078087587484,6.508000000000001,0.014090570701023621,3.6392063532843837,-0.6478792912623308,-0.3968619276458022,2.7886101258965845,136.8,0.1185696514769993,2.072710403923362,44.58302,0.338614195505847,1.302079422766146,0.0035893424145890807,0.34478622009732285,179.6,84.4,64.8,41.6,173.8,0.34478622009732324,9.404420547660862,0.4544234957431107,0.6124547199210314,2.0727104039233666,48.3830561447352,0.6723931100486616,1.5079151148599264,0.6121826191116618,0.11622669087455761,0.5161760001269016,0.6802073861388911,0.4541184484400894,0.33861419550584737,1.7020619980686722,-0.1308098326921713,0.11260461755267628,0.9942661388612158,0.7643588028285018,-0.18190258727713024,-0.41560994765010034,0.07518158660257837,0.23857227351642668,0.1581640559232399,-0.04745698852729789,0.4897075898963494,-0.4544234957431107,6.508000000000001,0.014090570701023621,3.527212100588998,-0.6573174436412315,-0.41125884507382954,2.702061998068672,136.8,0.1185696514769993,2.072710403923362,44.58302,0.338614195505847,1.302079422766146,0.0035893424145890807,4484,73.0,0.34624322230828813,0.11912427559562137,0.6423497094902599
111,293,RGA5,18.03.2022. ,44.868202659999994,20.327352379999997,,,0.3387169189794506,184.4,91.0,69.0,43.4,196.8,0.3673425247286633,10.276463777169326,0.4812614215797272,0.6384824062771879,2.1653805106548,51.195236454953076,0.6836712623643317,1.4542341194542332,0.635549910076857,0.13566412606646078,0.5500569552205754,0.7205310400020492,0.4809706812099691,0.35401336826922947,1.8587445925187862,-0.13820944029118565,0.11275527244065035,0.9952849550435555,0.8044045894965445,-0.18978689873423651,-0.39595415827519526,0.10320353196721795,0.273176597536396,0.18810848847142617,-0.01651259826549193,0.46309585439028067,-0.4812614215797272,7.036,0.012217387534492433,3.7857646078677347,-0.6441545460946283,-0.37572875597475097,2.858744592518786,146.8,0.1134400333529058,2.02925459353747,43.9802,0.35401336826922913,1.323088496907042,0.003561380074612168,0.3387169189794506,196.8,91.0,69.0,43.4,184.4,0.3387169189794511,9.651340528578146,0.45579165684841333,0.6187596453617319,2.029254593537475,52.34094129964096,0.6693584594897255,1.517252448826005,0.5785812756335261,0.10348615766815006,0.5071538283756936,0.6823350688946912,0.4555027512974471,0.35401336826922947,1.6778633599036823,-0.13820944029118565,0.12058476733324106,0.9946217614359403,0.7571504512094198,-0.18978689873423651,-0.4230466363278859,0.07080035610253677,0.24270908863715213,0.1564178746242822,-0.049120150227147705,0.4945530686872549,-0.45579165684841333,7.036,0.012217387534492433,3.5447093976490542,-0.662781172637498,-0.403431094390283,2.677863359903683,146.8,0.1134400333529058,2.02925459353747,43.9802,0.35401336826922913,1.323088496907042,0.003561380074612168,5175,74.5,0.33914306463326077,0.11352657004830914,0.635549910076857
112,294,BS11,18.03.2022. ,44.86824216,20.32737942,,,0.37794979823055996,182.2,81.8,64.0,40.6,192.8,0.40239191510713457,10.506085766920133,0.5002125026899458,0.6517311769539446,2.3624315728845815,44.72406135492704,0.7011959575535673,1.3829191915684615,0.7320174313950467,0.17809921618589994,0.6024920009040748,0.7488575515573899,0.49990036407723126,0.3376688967598058,2.014475219726233,-0.1221964727812415,0.09369715392088016,0.995515909900463,0.8580871979788744,-0.16901544934805868,-0.3595956638110566,0.1373422904976361,0.2955970989543025,0.22201421282698708,0.015798245946515865,0.42730308153418095,-0.5002125026899458,7.331999999999999,0.022456536635385847,3.8499132828087097,-0.6183770436686111,-0.3550785495647836,3.014475219726233,143.0,0.11987807927621814,2.2317598901236457,44.5569,0.3376688967598054,1.279055509554308,0.0034157748027810082,0.37794979823055996,192.8,81.8,64.0,40.6,182.2,0.3779497982305604,9.982238134383957,0.4782862854061607,0.6348054035216467,2.2317598901236493,45.6207896801302,0.6889748991152802,1.4267170719327158,0.6807477914380149,0.1501558379445802,0.5658548521848034,0.7159719953472898,0.47797493362170584,0.3376688967598058,1.8470282617468505,-0.1221964727812415,0.0994018715849995,0.9949548085565155,0.8196409930396037,-0.16901544934805868,-0.38423145575244616,0.10903078273840987,0.2690976788787188,0.1944791882695622,-0.012927890530768977,0.4528883928825634,-0.4782862854061607,7.331999999999999,0.022456536635385847,3.6351305568131522,-0.6356867105540933,-0.3798596669092902,2.8470282617468508,143.0,0.11987807927621814,2.2317598901236457,44.5569,0.3376688967598054,1.279055509554308,0.0034157748027810082,3869,73.5,0.38030303030303025,0.12054120541205408,0.7320174313950467
114,296,S1,18.03.2022. ,44.86833918,20.32750906,,,0.18419415025462782,142.6,98.4,65.0,44.2,156.6,0.22889897918605,7.608921053360466,0.4127696784845387,0.5601164966197077,1.5991907897308777,61.17290785031999,0.614449489593025,1.9527350399401218,0.35257879649115553,-0.0011374723227262657,0.34267178522920816,0.6177583640946924,0.41247137359468605,0.38045344772740053,1.4114229079609988,-0.20296284936584819,0.2126914975397834,0.9919637652160063,0.5557477387495131,-0.27828877100906757,-0.5158451676686353,-0.020895524819190072,0.17835954044439606,0.04776999139908532,-0.13939473015237908,0.628758318402452,-0.4127696784845387,-0.33800000000000097,-0.04477901383252057,3.6443030162285033,-0.7244463724991771,-0.47443525944582754,2.411422907960999,114.8,0.10748450043502822,1.4536439484235921,45.8757,0.38045344772740003,1.5112976994076261,0.0051802844197532585,0.18419415025462782,156.6,98.4,65.0,44.2,142.6,0.18419415025462796,6.637886343088589,0.37324294679687975,0.5276233055318198,1.4536439484235957,62.89573705942962,0.592097075127314,2.245210268933107,0.27775375832566457,-0.047964990481982765,0.27571383168636576,0.5585165361988134,0.372954925023934,0.38045344772740053,1.1939564678330348,-0.20296284936584819,0.2328791510916807,0.9903368904926209,0.4645200459290425,-0.27828877100906757,-0.5497047466658393,-0.06770127262021892,0.13272543038356993,0.0009611837142729639,-0.18515044984053003,0.6895680184491777,-0.37324294679687975,-0.33800000000000097,-0.04477901383252057,3.318618128184609,-0.7462383218828037,-0.5104006953872793,2.193956467833035,114.8,0.10748450043502822,1.4536439484235921,45.8757,0.38045344772740003,1.5112976994076261,0.0051802844197532585,1473,106.0,0.18340248962655598,0.108003108003108,0.35257879649115553
115,297,S6,18.03.2022. ,44.86837544,20.32757092,,,0.1957436398691578,147.8,99.4,64.2,45.0,162.8,0.24200236959763707,7.943296408816946,0.43443555521272914,0.5667421146239793,1.6431675279059932,61.242302037787205,0.6210011847988186,1.8798118578446448,0.37815844952685607,0.019984047219691117,0.36230974969915963,0.6502159823025184,0.4341284583322274,0.3762427803655491,1.5415817116320212,-0.21503516749445742,0.2167732933435075,0.9924828455174183,0.5818668527468043,-0.2968759365074514,-0.5057236648966544,-0.002044317784169177,0.19710636846589943,0.060121654111330615,-0.12295748655376007,0.6113605983905227,-0.43443555521272914,-2.016000000000001,-0.05876773176663397,3.9344775734480573,-0.7179007030625347,-0.4684425102621249,2.541581711632021,118.4,0.11095654368557377,1.4926182700875459,46.228480000000005,0.3762427803655486,1.548678777113556,0.005541788382205771,0.1957436398691578,162.8,99.4,64.2,45.0,147.8,0.1957436398691585,6.915695569929864,0.39417154233165397,0.5327408215982578,1.4926182700875503,63.08860519628106,0.5978718199345792,2.196104625885831,0.29999904496641483,-0.02846481113813274,0.29302073889986485,0.5898612662058016,0.39387323821863623,0.3762427803655491,1.3074820857884748,-0.21503516749445742,0.23938822057641357,0.990853329129234,0.48724297180810916,-0.2968759365074514,-0.5407376169526603,-0.05048403506448956,0.15000580496786586,0.011681077822451036,-0.17034917948192282,0.6744367505268014,-0.39417154233165397,-2.016000000000001,-0.05876773176663397,3.5701451060497886,-0.7404369107869044,-0.505310149126999,2.307482085788475,118.4,0.11095654368557377,1.4926182700875459,46.228480000000005,0.3762427803655486,1.548678777113556,0.005541788382205771,1763,111.0,0.19579288025889968,0.11044327573253193,0.37815844952685607
116,298,BS14,18.03.2022. ,44.86841876,20.32762688,,,0.2638714790583958,179.0,104.2,75.0,48.2,196.4,0.306670327891181,9.595007647068023,0.44717960557755454,0.6062762086305101,1.8872916683540635,61.37083516942314,0.6533351639455904,1.611295456322519,0.5004321052995735,0.07132758799977215,0.4592414329596268,0.6695357967686072,0.44691610544335614,0.36885109108402164,1.6219094454534115,-0.16281015604036883,0.14880175903499926,0.9945980212027331,0.7024998703011013,-0.22310203265298706,-0.4521789773628854,0.045706375570593684,0.22923767514054777,0.12651529103578063,-0.07293993932911524,0.5310323522337383,-0.44717960557755454,4.96,-0.007528525639011252,3.652156447591543,-0.6825575989032895,-0.4181587432361426,2.6219094454534115,147.8,0.09526917013099934,1.7207347908956323,43.525400000000005,0.36885109108402114,1.391148615281332,0.0037391457749394617,0.2638714790583958,196.4,104.2,75.0,48.2,179.0,0.26387147905839636,8.632791971146599,0.4091919084641259,0.5759258719766349,1.720734790895635,63.23975825839805,0.6319357395291982,1.7615172047726635,0.42171590517357166,0.024919359534419202,0.39510999392604684,0.6125818189833157,0.40893427463399873,0.36885109108402164,1.3890460758276828,-0.16281015604036883,0.16371480468098798,0.9934826311716971,0.6241006766553052,-0.22310203265298706,-0.48826479469925077,-0.000776478926514608,0.18471647304874908,0.08050847677364147,-0.11897611864770341,0.5832558561415226,-0.4091919084641259,4.96,-0.007528525639011252,3.3257937101586323,-0.70650187371547,-0.4555760074746219,2.389046075827683,147.8,0.09526917013099934,1.7207347908956323,43.525400000000005,0.36885109108402114,1.391148615281332,0.0037391457749394617,1491,84.0,0.2641242937853107,0.09547123623011013,0.5004321052995735
117,299,BS19,18.03.2022. ,44.868445272,20.327659955999998,,,0.20348609272556634,152.2,100.24,67.0,44.239999999999995,167.88,0.25028591835385505,8.186103761076081,0.4283674012618432,0.581637990739223,1.6729570858708378,61.33747266215788,0.6251429591769275,1.8551831237537535,0.3840396445292672,0.015349565106884067,0.37473187689216636,0.6411802168078449,0.4280745181047849,0.3879871088696376,1.5027758879661448,-0.1992264555613906,0.20022315121942863,0.9927694705757398,0.5979049448091753,-0.2709484658472107,-0.4990758647699042,0.00015089984592622525,0.20151569509676706,0.07311816070830802,-0.11651822748867122,0.6006810056910352,-0.4283674012618432,0.9199999999999987,-0.03817396467567526,3.757602082525154,-0.7135466486684845,-0.4503128860456993,2.502775887966145,123.75999999999999,0.1031171605687184,1.5165119678759704,45.446960000000004,0.3879871088696373,1.5007310221102803,0.004995542569815838,0.20348609272556634,167.88,100.24,67.0,44.239999999999995,152.2,0.20348609272556678,7.155369920054707,0.38716683099340277,0.5479848197853979,1.516511967875973,63.219187238589804,0.6017430463627835,2.134828626906891,0.3053969832036625,-0.03393288995260214,0.3046292553510903,0.5794238048187188,0.3868834134987561,0.3879871088696376,1.2687429067347602,-0.1992264555613906,0.22106904524868248,0.9911787213034889,0.5039236874865023,-0.2709484658472107,-0.5350870314438312,-0.049111850978826685,0.15372557838294032,0.023938222466432967,-0.16480529545319836,0.6633207674784376,-0.38716683099340277,0.9199999999999987,-0.03817396467567526,3.40640105267425,-0.7368284688653224,-0.48864844956739206,2.26874290673476,123.75999999999999,0.1031171605687184,1.5165119678759704,45.446960000000004,0.3879871088696373,1.5007310221102803,0.004995542569815838,2387,110.0,0.20583108857550306,0.10305841426293666,0.3840396445292672
118,300,S4,18.03.2022. ,44.8684899,20.327721240000002,,,0.2218582510757246,156.6,99.6,67.6,45.4,170.2,0.2611388163634243,8.381993244072197,0.43155171412715065,0.5783789332945721,1.7113248426291903,60.55167685164815,0.6305694081817121,1.7850699086319541,0.41254730152433494,0.03170494730992758,0.39098346787925353,0.645964412649671,0.4312604886033612,0.3737967558305382,1.5246256697282816,-0.1920846584076172,0.18927435712883595,0.9930837510765169,0.6187955958322633,-0.2640186560588291,-0.49042010932320473,0.00880419435589264,0.20188136002970877,0.07955585239834509,-0.11083174384788586,0.5867579941269663,-0.43155171412715065,1.061999999999999,-0.035772283692758686,3.7304167287680166,-0.707899959962632,-0.454572084376715,2.5246256697282816,127.4,0.1030925763537452,1.5744769433465058,45.240840000000006,0.3737967558305378,1.476920924225026,0.004809931332157154,0.2218582510757246,170.2,99.6,67.6,45.4,156.6,0.22185825107572493,7.524287576290303,0.39707377163615526,0.5498588544898835,1.5744769433465085,62.13810240532698,0.6109291255378625,1.9781240383724856,0.3437909854772046,-0.00998968065186181,0.3321393584042842,0.5942797901261494,0.39678941964978875,0.3737967558305382,1.321493972445465,-0.1920846584076172,0.2059978810490541,0.991828822274653,0.5420475842559699,-0.2640186560588291,-0.5214255936321023,-0.0328979774547305,0.16155122552106546,0.037992132861898245,-0.15181941371874744,0.6379000278075921,-0.39707377163615526,1.061999999999999,-0.035772283692758686,3.428412241810109,-0.728084256284142,-0.48695080819618897,2.3214939724454653,127.4,0.1030925763537452,1.5744769433465058,45.240840000000006,0.3737967558305378,1.476920924225026,0.004809931332157154,2965,111.5,0.2224824355971897,0.10281690140845066,0.41254730152433494
119,301,S9,18.03.2022. ,44.86852116,20.327771979999998,,,0.17856007589199202,167.0,116.4,74.2,51.2,180.4,0.2154712410370147,7.986696806676602,0.4168034765359031,0.5575472392485603,1.5512149854688762,72.91552506434452,0.6077356205185074,2.035083005427528,0.32400868707982444,-0.012601626774785346,0.32266278336043175,0.6239785387950784,0.4165414354069628,0.38866319664643745,1.430720058803266,-0.2211459550098684,0.23424701281478777,0.9928390823741984,0.5300956070855432,-0.3023685605686198,-0.526607792764486,-0.0276683893958643,0.17948817656526422,0.036555086161498204,-0.14563618911150683,0.6459695665705896,-0.4168034765359031,-2.428,-0.0606642042158276,3.810713335000038,-0.7314828224217869,-0.4791566139424221,2.4307200588032662,139.2,0.09109255456955916,1.4359806351719642,44.96347999999999,0.388663196646437,1.568336222202602,0.00488310042437183,0.17856007589199202,180.4,116.4,74.2,51.2,167.0,0.17856007589199235,7.102258556706042,0.38456452584026357,0.530499931336061,1.435980635171969,74.61257876440195,0.5892800379459961,2.3092088536196367,0.2635432570871585,-0.050992069162432874,0.2673676622720434,0.5756522787001183,0.3843093371661227,0.38866319664643745,1.2504001194604075,-0.2211459550098684,0.2528534792626217,0.9916627369445828,0.4529371508627638,-0.3023685605686198,-0.5538765706465096,-0.06602481267501961,0.1420502895740415,-0.001867290014433163,-0.18305237738181293,0.6974109397711871,-0.38456452584026357,-2.428,-0.0606642042158276,3.5284111734734425,-0.7489059830214193,-0.5082429969782457,2.2504001194604077,139.2,0.09109255456955916,1.4359806351719642,44.96347999999999,0.388663196646437,1.568336222202602,0.00488310042437183,3016,115.5,0.17854622441778403,0.09079033311561076,0.32400868707982444
120,302,RGA5,18.03.2022. ,44.86857404,20.32782498,,,0.270966819279787,220.4,127.2,90.6,59.0,239.8,0.3095169153225922,10.597999899185359,0.4531002302643422,0.6059995751345701,1.9088291930515087,75.00308416528718,0.654758457661296,1.6194863019880557,0.513172665085132,0.07824856123784925,0.463634080858282,0.6786145270581128,0.45287902516083334,0.3646104487880515,1.6646046551480917,-0.16651691955279396,0.15232543601467158,0.9955955195099904,0.7055910587587828,-0.22858925497862875,-0.4485086217692178,0.05088527345917295,0.23342308446993196,0.12860680042298617,-0.06889164614686204,0.5290892737656406,-0.4531002302643422,5.002,-0.012900087546249078,3.7365812020422986,-0.6798498502681621,-0.4199304221455872,2.664604655148092,182.4,0.09447111954750295,1.756074416211068,41.26094,0.364610448788051,1.403255125315946,0.003174305443344884,0.270966819279787,239.8,127.2,90.6,59.0,220.4,0.27096681927978733,9.631033660400034,0.41898426417023443,0.5785475138087064,1.756074416211073,77.07900106777964,0.6354834096398937,1.760032349424907,0.4418486176922218,0.036395118422230935,0.4058566465530752,0.6274586235082242,0.4187668986612107,0.3646104487880515,1.4503204241251035,-0.16651691955279396,0.16599659538927933,0.9947839640420131,0.635170188746359,-0.22858925497862875,-0.48128731736167624,0.008900486840382336,0.19323654090607212,0.08705168309444296,-0.1105462435143616,0.5760046893192973,-0.41898426417023443,5.002,-0.012900087546249078,3.4348039187335813,-0.701680059554671,-0.4538043477392503,2.4503204241251035,182.4,0.09447111954750295,1.756074416211068,41.26094,0.364610448788051,1.403255125315946,0.003174305443344884,5123,69.5,0.2681242807825086,0.09433962264150943,0.513172665085132
121,303,bordeux,18.03.2022. ,44.8685847,20.32783834,,,0.27365461518704104,203.0,115.8,81.0,54.2,227.2,0.3255423505373115,10.534009909553326,0.4741059137146501,0.6147066540318653,1.9766998810270635,67.38324281705019,0.6627711752686557,1.564276055252551,0.5427278653210585,0.1013076837850766,0.48759852233130446,0.7100043831085768,0.47385935011512925,0.36210926965286633,1.8112529195862528,-0.17537338395493682,0.15319362382154178,0.9954981832244257,0.7337189440318846,-0.24214065075368696,-0.4343398155480567,0.07244473014095174,0.2539817724818289,0.14512064614145198,-0.04875331884319874,0.5103056343153113,-0.4741059137146501,2.7760000000000007,-0.02275849420770695,4.00461975621907,-0.6703034573456124,-0.4073655175173417,2.811252919586253,168.4,0.09300845550376294,1.7701270148659838,42.9572,0.3621092696528656,1.426738405071736,0.003675592560231022,0.27365461518704104,227.2,115.8,81.0,54.2,203.0,0.2736546151870416,9.2850932757685,0.4286299173512022,0.5776769775568718,1.7701270148659887,69.95191803579037,0.6368273075935208,1.7480689277365915,0.4462407557441951,0.04492930905173169,0.40983663374787704,0.6418138455416026,0.42838834098748413,0.36210926965286633,1.5152627627627628,-0.17537338395493682,0.17247018087439933,0.9943137646773093,0.6391221657660101,-0.24214065075368696,-0.47856928888700534,0.015915804439839414,0.20003568463062354,0.08918207104699102,-0.10488713121209248,0.5733241955366234,-0.4286299173512022,2.7760000000000007,-0.02275849420770695,3.5797799667159653,-0.6997855003409739,-0.452938149594505,2.515262762762763,168.4,0.09300845550376294,1.7701270148659838,42.9572,0.3621092696528656,1.426738405071736,0.003675592560231022,4524,68.5,0.27352572145545795,0.0931610123855681,0.5427278653210585
122,304,BLT 8-15,18.03.2022. ,44.86855949999999,20.3278073,,,0.40048948330220274,214.2,90.6,72.2,49.6,236.0,0.44059822024478457,11.980489340515003,0.5288025822725114,0.6501911288282879,2.612106576423198,47.89945906088258,0.7202991101223922,1.2965617468299844,0.8798899019769276,0.24422348014499887,0.6598830745626676,0.7919020236012966,0.5285245381004273,0.29580373407494215,2.2826950831428445,-0.1147977537473734,0.08114338556949433,0.9965600163987807,0.9135002045919132,-0.1645045264353751,-0.31671247634248995,0.18006318288367498,0.31687161579314116,0.25112481530806174,0.05019593022965332,0.3904852086824585,-0.5288025822725114,6.609999999999998,0.014037887416215668,4.132767399290625,-0.5871014535250101,-0.3523783404646893,3.282695083142845,173.2,0.10509976396212964,2.370607433475676,43.15698,0.2958037340749418,1.260676836945488,0.002939739619748044,0.40048948330220274,236.0,90.6,72.2,49.6,214.2,0.40048948330220363,11.029899433080653,0.49272921701273703,0.6210413240974515,2.370607433475681,49.584071020673925,0.7002447416511018,1.3531330211392096,0.7884611159946566,0.1979382390729812,0.5997485111237806,0.7377897322131322,0.4924506698006318,0.29580373407494215,1.9790412800860557,-0.1147977537473734,0.08956768689812603,0.9958063382222486,0.852819372936449,-0.1645045264353751,-0.35962043166666213,0.1326321301993501,0.27243485251995414,0.20504882806366678,0.0016882104458279198,0.4308723846129343,-0.49272921701273703,6.609999999999998,0.014037887416215668,3.7503329981345344,-0.6179483497657149,-0.39392357109326126,2.9790412800860557,173.2,0.10509976396212964,2.370607433475676,43.15698,0.2958037340749418,1.260676836945488,0.002939739619748044,5356,148.5,0.4055118110236221,0.10583376355188437,0.8798899019769276
123,305,pop au,18.03.2022. ,44.86851782000001,20.327748879999998,,,0.2112364349890544,152.2,98.6,68.6,46.2,170.2,0.2645432938036343,8.414350286319408,0.42478086365773926,0.5727127713278424,1.729221610293602,59.79839494655748,0.6322716469018171,1.780173156087035,0.4357316275795127,0.036889644407693434,0.396082022509055,0.635836002356137,0.42449559270969583,0.3626646899843819,1.4827866373822256,-0.18007256012180675,0.17949527884864633,0.9930734386984863,0.6235427356339119,-0.2477217553688142,-0.48692487655245503,0.007563744577353715,0.19398369830129786,0.07922273382817979,-0.1136183635509584,0.5835968807629435,-0.42478086365773926,1.9640000000000015,-0.02777002872396145,3.5828383652394478,-0.7054698113389384,-0.4608827941278467,2.482786637382225,126.4,0.09205942344051082,1.546384580636374,44.87224,0.3626646899843814,1.443592436974786,0.004488268925189566,0.2112364349890544,170.2,98.6,68.6,46.2,152.2,0.21123643498905503,7.237590662400467,0.37737052577913144,0.5334450935948454,1.5463845806363783,61.921419512552504,0.6056182174945275,2.1107472498467046,0.342112346262086,-0.019433128539269394,0.3162303062024455,0.5647735148980144,0.3770965494271721,0.3626646899843819,1.2179327412783294,-0.18007256012180675,0.2017684676082875,0.9912749124807025,0.5173919670304257,-0.2477217553688142,-0.5285202397659577,-0.04880380260339272,0.13908259428518216,0.022956591904611707,-0.16885171806500437,0.6543471140888113,-0.37737052577913144,1.9640000000000015,-0.02777002872396145,3.197358023294089,-0.7324917946639783,-0.5040809684980603,2.2179327412783296,126.4,0.09205942344051082,1.546384580636374,44.87224,0.3626646899843814,1.443592436974786,0.004488268925189566,2513,106.5,0.21371610845295055,0.09260588657573575,0.4357316275795127
124,306,BLT 34-15,18.03.2022. ,44.86848234,20.327689139999997,,,0.24836300532768352,163.6,96.6,67.6,45.4,185.0,0.2829321024787593,9.281010983214902,0.46055183124748345,0.6043438900611776,1.9242510432531987,56.777712574738906,0.6544272879100465,1.6703122893421032,0.5184717380327402,0.0838972891021892,0.46246293816306244,0.6894466781418356,0.46025679181794,0.3632205023089984,1.7317879168434842,-0.17625312796775278,0.16225552917222708,0.9939114398836807,0.6996584372049017,-0.24289333859883513,-0.4468260533380489,0.055334060314729504,0.2384138315325346,0.12802845281192926,-0.06537079667054117,0.5328933896147163,-0.46055183124748345,2.232,-0.02345970368238667,3.8919811338405736,-0.6782752694147443,-0.4198398591061416,2.7317879168434844,195.0,0.14504088162104334,2.05890325271058,42.7864,0.305645161290323,1.4839181286549599,0.0032489306390803213,0.24836300532768352,185.0,96.6,67.6,45.4,163.6,0.2483630053276836,7.919539322392003,0.4069826967886897,0.5606556856415845,1.6997812235294276,59.145352998927095,0.624181502663842,2.215672032792961,0.41167030191530013,0.019398990869888926,0.3718472324678154,0.6091493624363322,0.4066996663160672,0.3632205023089984,1.4082829603790448,-0.17625312796775278,0.18741662381898333,0.9917920067309348,0.581042158334159,-0.24289333859883513,-0.4959182838729216,-0.009386482814461727,0.17586352851027467,0.0636574535912954,-0.129234987566834,0.6119686462775475,-0.4069826967886897,2.232,-0.02345970368238667,3.4239649185340157,-0.7106679359434194,-0.47122249881849176,2.4082829603790445,195.0,0.14504088162104334,2.05890325271058,42.7864,0.305645161290323,1.4839181286549599,0.0032489306390803213,5730,100.0,0.25749423520368947,-0.0875627440044618,0.5184717380327402
125,307,agaton,18.03.2022. ,44.8684781,20.3276901,POM_BLE,E8:EB:1B:65:62:BF,0.349019607843137,172.0,83.0,61.0,39.0,192.0,0.349019607843137,10.440306508910549,0.5177865612648221,0.6623376623376623,2.3132530120481927,45.5985246970278,0.6981818181818182,1.4036697247706422,0.6838143036386449,0.17144600366076873,0.5934664246823956,0.7751479289940828,0.5174593142676568,0.36065573770491804,2.1475409836065573,-0.1527777777777778,0.11458333333333333,0.9955070777059031,0.8505997056546402,-0.20952380952380953,-0.36738056013179565,0.14285714285714285,0.3150684931506849,0.2229299363057325,0.024,0.4322916666666667,-0.5177865612648221,4.839999999999996,0.0,4.282719699005644,-0.6242661448140899,-0.34020618556701027,3.1475409836065573,299.0,0.228226093138994,2.94735195996662,38.4814,0.191935483870969,1.42397660818712,0.000317637992674201,0.349019607843137,192.0,83.0,61.0,39.0,172.0,0.349019607843137,9.433981132056605,0.47639484978540775,0.6303317535545023,2.072289156626506,47.35295091949723,0.6745098039215687,1.4943820224719102,0.5878467635402906,0.11760883690708247,0.5225048923679061,0.7130620985010706,0.47606793618116316,0.36065573770491804,1.819672131147541,-0.1527777777777778,0.12790697674418605,0.9944045572521657,0.7750697552311041,-0.20952380952380953,-0.41396933560477,0.08860759493670886,0.2647058823529412,0.17006802721088435,-0.030985915492957747,0.48255813953488375,-0.47639484978540775,4.839999999999996,0.0,3.836603063692556,-0.6566866267465069,-0.3879003558718861,2.819672131147541,299.0,0.228226093138994,2.94735195996662,38.4814,0.191935483870969,1.42397660818712,0.000317637992674201,4028,83.5,0.34901960784313724,-0.26963906581740976,0.6838143036386449
126,308,BLT 8-15,18.03.2022. ,44.86841342,20.32759634,,,0.4177603853440107,214.0,87.6,69.8,47.0,228.6,0.4177603853440107,11.831825715679262,0.531691709702369,0.6599655897078037,2.6218112027878,46.208655248615244,0.722263990901092,1.3003889234132047,0.8856785888833262,0.24324138615697768,0.6657291905522014,0.7961862439587348,0.5314030913188043,0.3035227327004538,2.287988385009176,-0.11373106679742837,0.07954809500394042,0.996557550409858,0.9205244257642393,-0.16105438037283878,-0.3137408837876196,0.18377484018396922,0.32413637169151893,0.25832166418983604,0.05578470683573637,0.3857914079006926,-0.531691709702369,6.965999999999997,0.017867861965018807,4.133529308435388,-0.5853104831899634,-0.3429989887510684,3.2879883850091765,195.0,0.14504088162104334,2.05890325271058,42.7864,0.305645161290323,1.4839181286549599,0.0032489306390803213,0.4177603853440107,228.6,87.6,69.8,47.0,214.0,0.4177603853440107,11.199436093549798,0.5075621811300417,0.6408699726579912,2.455177991203812,47.31270583964025,0.7088801926720056,1.3368023315798125,0.8253396825356066,0.21218569482849134,0.6255941512549391,0.7599880928950004,0.5072727217370778,0.3035227327004538,2.080552859074664,-0.11373106679742837,0.08483330487561237,0.9960704415253832,0.880881329541133,-0.16105438037283878,-0.34298999751782555,0.15183373513339762,0.2943112057346544,0.2273582505199571,0.022975745174930375,0.4121730949268068,-0.5075621811300417,6.965999999999997,0.017867861965018807,3.8747658267819722,-0.6064550921768236,-0.3715834156256142,3.080552859074664,195.0,0.14504088162104334,2.05890325271058,42.7864,0.305645161290323,1.4839181286549599,0.0032489306390803213,4886,143.5,0.41909814323607425,0.04645476772616137,0.8856785888833262
127,309,pop au,18.03.2022. ,44.86836848,20.32754748,,,0.21566878884685062,156.2,100.6,65.6,44.6,174.2,0.21566878884685062,8.539765281550396,0.45224387173356134,0.5915028367138137,1.7450664088683863,60.97281170551779,0.6339882970076818,1.8017908091329247,0.42017028281105767,0.04076344619963479,0.40123296917329954,0.6769533762700084,0.45194212496495834,0.38457048625987733,1.657003850995564,-0.20907290746502188,0.20230431297097962,0.9933177213702535,0.6292606034618888,-0.28568480458221024,-0.4837233275641072,0.023633675472322573,0.2244174539150708,0.09105779272560274,-0.09482644619500355,0.5798024691358025,-0.45224387173356134,-0.8400000000000005,-0.04969156688184852,4.060449593002961,-0.7032816909710373,-0.43760317694809264,2.6570038509955642,195.0,0.14504088162104334,2.05890325271058,42.7864,0.305645161290323,1.4839181286549599,0.0032489306390803213,0.21566878884685062,174.2,100.6,65.6,44.6,156.2,0.21566878884685062,7.349627372992283,0.406751802868187,0.553727083514407,1.5675869084985572,63.12508600231341,0.6078343944234256,2.1904075918844184,0.33171785550801053,-0.01440182154120494,0.32287563948327597,0.608756848132842,0.40645890460101686,0.38457048625987733,1.3839361699090929,-0.20907290746502188,0.22740824656678119,0.9915726958334374,0.5237381202551623,-0.28568480458221024,-0.5242113471218512,-0.031538893699603845,0.17108786926996244,0.03604361946896108,-0.14899480428387776,0.6501422317174012,-0.406751802868187,-0.8400000000000005,-0.04969156688184852,3.6388485088833304,-0.7295465082488586,-0.4805573322773465,2.383936169909093,195.0,0.14504088162104334,2.05890325271058,42.7864,0.305645161290323,1.4839181286549599,0.0032489306390803213,1236,101.0,0.2165109034267913,-0.11047835990888387,0.42017028281105767
128,310,BLT 34-15,18.03.2022. ,44.86833284000001,20.327495539999997,,,0.3916388563179932,196.8,85.4,63.2,41.8,208.4,0.3916388563179932,11.0524524990231,0.5332140169645149,0.6649634320850543,2.4550754023641734,46.17398415501376,0.7083859255636366,1.3678122300926996,0.7551332756418463,0.20433869476358715,0.6240954507784008,0.7983463553908768,0.532899023539945,0.34287222840192805,2.3136389260580827,-0.1496528124726228,0.10806618230669196,0.995978692952859,0.8791313435008117,-0.20832909248911796,-0.3435959100996965,0.1663092902459646,0.3287355308795751,0.24054147242115098,0.04427404302151605,0.41332731134027084,-0.5332140169645149,4.396,-0.0035046163157424716,4.478033407078799,-0.6067363095984746,-0.33433553573132857,3.3136389260580827,195.0,0.14504088162104334,2.05890325271058,42.7864,0.305645161290323,1.4839181286549599,0.0032489306390803213,0.3916388563179932,208.4,85.4,63.2,41.8,196.8,0.3916388563179932,10.496644273994837,0.5113111093652721,0.6478876649293797,2.3196957758409944,47.15215316788656,0.6958194281589969,1.4139157782785952,0.7030909892583355,0.17564037257495077,0.586420789163985,0.7654897621640181,0.5109956206674922,0.34287222840192805,2.129658848746159,-0.1496528124726228,0.11502644029022843,0.9954363349334343,0.8396420586503787,-0.20832909248911796,-0.36900100716105255,0.13727693502038435,0.3018490716640148,0.21227465215672225,0.014714460687499093,0.43960934206210583,-0.5113111093652721,4.396,-0.0035046163157424716,4.227758048988529,-0.6246146204862596,-0.36016296202877074,3.129658848746159,195.0,0.14504088162104334,2.05890325271058,42.7864,0.305645161290323,1.4839181286549599,0.0032489306390803213,5061,96.0,0.39475549255846915,0.00459418070444107,0.7551332756418463
129,311,agaton,18.03.2022. ,44.868286499999996,20.327433539999998,,,0.3911782157321046,205.6,90.6,68.8,44.8,217.4,0.3911782157321046,11.255340377859032,0.5204889282853504,0.6594547667181795,2.437460899082354,49.22883795620125,0.7074119209385141,1.363179307272706,0.7603716400314703,0.19861559358996753,0.6212100758498285,0.7793587963416349,0.5201953270842921,0.33598992688357915,2.180537315126356,-0.13404492156984582,0.0991970812116614,0.9961873292736655,0.8769017950189676,-0.18628025186445174,-0.34626740384391014,0.15718784236759487,0.315474781701111,0.23574979219818287,0.03459482125827031,0.4148398388394042,-0.5204889282853504,6.137999999999997,0.009806257898593611,4.158978129140957,-0.6087934564425033,-0.3438827960351945,3.180537315126356,195.0,0.14504088162104334,2.0589032527105795,42.7864,0.305645161290323,1.48391812865496,0.0032489306390803205,0.3911782157321046,217.4,90.6,68.8,44.8,205.6,0.3911782157321046,10.713462236517524,0.49960171015048604,0.6432255463834411,2.3071016079336117,50.2141029805785,0.6955891078660524,1.4032101903182044,0.7104653934800281,0.17146441075492136,0.5857616511027061,0.7480266054256475,0.4993078023799173,0.33598992688357915,2.0091742125988703,-0.13404492156984582,0.10513663667380797,0.9957228991643922,0.8402435095991342,-0.18628025186445174,-0.37050559745944495,0.1296724331386775,0.28991297945461764,0.20901816768995815,0.006565462520112489,0.43923847452410636,-0.49960171015048604,6.137999999999997,0.009806257898593611,3.9333424867943583,-0.6259189573316485,-0.3683066135466927,3.0091742125988703,195.0,0.14504088162104334,2.0589032527105795,42.7864,0.305645161290323,1.48391812865496,0.0032489306390803205,4188,80.0,0.38825118163403105,0.02646030953569644,0.7603716400314703
130,312,iso cell,18.03.2022. ,44.86826005,20.327385833333334,,,0.31723186681567633,175.33333333333334,90.66666666666667,66.0,42.333333333333336,184.16666666666666,0.31723186681567633,9.624773662271815,0.4713055233096551,0.6237754121607285,2.035505539469938,52.13926943406065,0.6695712527189164,1.5282992474422803,0.5728332691673415,0.10930889699251013,0.5077740039682062,0.7055219630855277,0.4709986743943815,0.3608773099424292,1.7928832414778526,-0.1572840523489367,0.13477825792867948,0.9945056766900763,0.7570753079812028,-0.21626721082000244,-0.42215949138416303,0.07984114355050642,0.2571670335974518,0.1594870671918863,-0.04009364908710127,0.4945911942746106,-0.4713055233096551,4.8166666666666655,-0.004666632886923331,3.8352443338578706,-0.6620686412919644,-0.39596520772875127,2.7928832414778526,177.66666666666666,0.13117667970138489,1.9108284681679066,43.50390000000001,0.32459677419354865,1.4939083820662666,0.0037374794134813413,0.31723186681567633,184.16666666666666,90.66666666666667,66.0,42.333333333333336,175.33333333333334,0.31723186681567633,9.1521828269886,0.45197917171833407,0.6085379878661749,1.9402022688149165,53.01230803037683,0.6586159334078383,1.5892470576980973,0.5309666440056292,0.08511446049087161,0.4749403670559351,0.6765421205093932,0.4516743768621893,0.3608773099424292,1.6612488943321766,-0.1572840523489367,0.1417634362726359,0.9939373995636004,0.7191341274510438,-0.21626721082000244,-0.44184754009152877,0.05552372029950368,0.2341570492075237,0.13555032853558913,-0.06441815944018658,0.5198543903670797,-0.45197917171833407,4.8166666666666655,-0.004666632886923331,3.6533321196254427,-0.6753939456255383,-0.41628025829351606,2.6612488943321764,177.66666666666666,0.13117667970138489,1.9108284681679066,43.50390000000001,0.32459677419354865,1.4939083820662666,0.0037374794134813413,4150,76.0,0.31829573934837097,-0.006610009442870579,0.5728332691673415
